first_name,last_name,age,gender,class,grade_math,grade_french,grade_english,attendance,enrollment_date,redoublant
Bobbi,Novakovic,16,Female,Seconde,3.8,1.8,12.5,11.8,4/2/2021,true
Isac,Winkett,18,Male,Seconde,8.8,10.4,18.8,99.4,11/3/2020,false
Verney,Walling,15,Male,Terminale,17.0,17.7,6.5,5.3,1/31/2021,true
Bendicty,Lever,15,Genderfluid,Terminale,0.7,9.7,11.2,83.7,4/21/2021,false
Lesley,Scholling,16,Female,Seconde,9.1,15.1,19.8,28.0,8/5/2021,false
Ludovika,Jamblin,16,Female,Première,2.6,5.1,2.8,78.2,2/13/2021,false
Patric,Tethcote,15,Male,Seconde,17.1,18.9,3.4,88.2,12/20/2020,true
Jewel,Slowgrove,19,Non-binary,Seconde,14.4,5.5,13.1,42.7,7/22/2021,false
Meg,Claiton,18,Female,Seconde,8.9,8.0,8.1,63.8,5/7/2021,true
Leah,Cammidge,19,Female,Terminale,12.7,13.5,11.2,68.7,3/3/2021,true
Ivy,Wherry,16,Female,Première,18.1,13.4,3.2,13.4,11/11/2020,true
Hercules,Kupisz,15,Bigender,Seconde,16.5,0.0,5.6,2.2,6/14/2021,true
Guy,Grastye,16,Male,Seconde,13.9,14.5,15.8,41.2,6/12/2021,false
Durward,Desson,16,Male,Première,3.1,5.6,3.5,18.1,12/23/2020,false
Burke,MacGilmartin,16,Male,Terminale,10.9,14.2,3.7,98.9,2/12/2021,false
Werner,Marchington,19,Male,Seconde,4.4,5.7,10.3,11.7,10/26/2020,true
Bert,Hullbrook,16,Male,Terminale,10.8,8.4,16.7,9.8,10/6/2020,true
Cherie,Edrich,18,Female,Seconde,18.1,15.6,15.0,22.5,10/13/2020,false
Devin,Mudge,16,Agender,Première,18.8,7.8,9.2,88.1,10/9/2020,true
Jorry,Tabary,17,Non-binary,Première,6.0,10.4,1.9,11.4,7/10/2021,false
Rubin,Strickler,15,Male,Seconde,16.1,0.3,7.0,45.0,9/14/2020,false
Arvin,Clark,16,Male,Première,2.6,8.8,5.9,79.1,6/4/2021,true
Meryl,Gronauer,17,Female,Seconde,17.8,17.2,12.1,16.6,12/26/2020,false
Dermot,Gawen,18,Male,Première,0.4,2.6,8.0,53.5,3/27/2021,true
Kerk,Gresley,18,Male,Seconde,18.8,3.1,12.7,62.2,10/30/2020,false
Alaster,Allett,19,Male,Terminale,9.1,6.1,6.7,78.0,5/25/2021,true
Issie,Gummory,16,Bigender,Première,14.2,3.9,7.4,81.8,5/21/2021,true
Clemence,Wingeat,18,Female,Seconde,3.4,12.1,17.4,14.3,2/21/2021,false
Greer,Ritchings,18,Female,Seconde,2.9,1.4,17.4,59.1,1/29/2021,false
Emmery,Grebbin,16,Male,Terminale,10.4,10.9,12.0,40.4,4/19/2021,false
Nicolais,Batt,18,Genderqueer,Première,0.2,15.8,7.2,86.2,9/20/2020,false
Evelyn,Abbett,19,Female,Terminale,9.6,5.6,10.1,90.4,10/2/2020,true
Ariel,de Guerre,16,Male,Terminale,8.0,10.7,8.8,98.9,2/1/2021,false
Jolene,McPeck,18,Female,Première,5.7,19.9,14.5,79.4,1/2/2021,true
Roanna,Geffen,18,Female,Terminale,12.8,18.6,6.0,78.9,6/3/2021,true
Saw,Legister,16,Male,Seconde,16.8,4.5,16.1,31.5,2/27/2021,true
Emilia,Schenkel,17,Female,Seconde,2.1,11.3,6.7,10.5,8/4/2021,true
Lindsey,Fitchen,19,Female,Terminale,18.4,2.7,12.9,55.3,12/29/2020,false
Aharon,Coward,17,Male,Terminale,8.9,19.2,6.1,53.8,5/13/2021,false
Ari,Paolini,17,Genderfluid,Première,12.1,9.5,5.4,96.7,10/9/2020,true
Virgilio,Greser,16,Male,Seconde,16.9,4.8,10.0,8.1,9/11/2020,true
Peyter,McGray,15,Male,Seconde,16.3,13.1,18.8,11.9,3/11/2021,false
Ichabod,Wattinham,15,Male,Première,0.5,4.5,3.0,74.2,9/18/2020,false
Gus,Zavattari,19,Male,Seconde,11.2,11.0,18.4,21.4,3/29/2021,true
Sabra,Henworth,15,Female,Terminale,19.8,2.9,11.9,88.8,1/5/2021,true
Ozzie,O'Dee,15,Male,Seconde,18.9,11.7,7.5,64.4,12/13/2020,false
Samson,Gussin,16,Genderfluid,Terminale,18.3,7.3,19.2,57.3,3/13/2021,false
Lilias,Towhey,16,Female,Première,9.3,10.6,6.2,64.9,5/24/2021,true
Jessamyn,Clementucci,17,Female,Première,8.5,11.9,2.7,17.8,11/12/2020,true
Alastair,Popworth,16,Male,Première,1.5,5.9,9.4,5.8,8/4/2021,true
Warde,Bullent,15,Male,Seconde,14.3,12.1,0.5,69.8,6/24/2021,true
Christin,Vedikhov,15,Female,Seconde,4.6,12.7,18.8,27.9,1/15/2021,false
Erna,Putman,18,Female,Seconde,7.5,4.6,0.7,39.3,11/3/2020,true
Margaux,Hanrott,16,Female,Seconde,6.9,1.0,19.4,75.2,10/23/2020,true
Broddy,De Michele,18,Male,Terminale,2.0,13.0,11.4,95.3,11/26/2020,true
Shelagh,Livingston,16,Polygender,Seconde,17.5,17.4,13.9,45.8,6/27/2021,false
Virginie,Noore,17,Genderqueer,Terminale,9.1,10.7,2.7,4.4,5/18/2021,false
Gavrielle,Caudelier,18,Female,Terminale,0.1,11.9,17.7,77.1,7/7/2021,true
Caralie,Jex,19,Female,Seconde,6.2,19.8,15.7,65.1,12/6/2020,false
Cammy,Bullan,16,Male,Seconde,9.1,0.9,15.0,81.7,7/18/2021,false
Karleen,Reye,16,Female,Terminale,2.8,10.3,0.9,18.7,6/5/2021,false
Gilles,McTrustam,16,Male,Terminale,4.3,3.6,8.0,49.0,2/5/2021,false
Calida,Postins,16,Female,Seconde,12.8,12.8,15.8,11.5,7/10/2021,true
Marcella,Skoggins,17,Female,Seconde,4.1,7.1,11.4,96.4,2/16/2021,false
Shirley,Palle,15,Female,Seconde,10.0,4.3,7.3,23.7,11/4/2020,false
Jillane,McDugal,17,Female,Terminale,3.9,14.0,17.3,96.4,3/22/2021,true
Sherie,Malec,15,Female,Seconde,18.1,18.5,14.8,57.6,5/4/2021,false
Lawrence,Gillanders,17,Male,Seconde,12.2,16.2,19.4,96.4,3/14/2021,true
Gweneth,Plowes,19,Female,Terminale,7.3,4.0,16.5,84.7,5/18/2021,true
Dannie,Ottewell,17,Male,Première,3.4,15.5,19.4,95.9,6/14/2021,false
Lief,Benyan,16,Male,Terminale,19.3,9.1,4.2,7.6,4/8/2021,false
Pauly,Markovic,15,Male,Seconde,7.4,4.2,14.6,4.6,7/31/2021,false
Loreen,Sorby,19,Female,Première,6.1,7.7,13.3,60.9,4/12/2021,true
Griffy,Wackley,19,Male,Seconde,12.4,19.0,10.2,89.7,5/17/2021,true
Bordy,Rawcliff,17,Male,Seconde,8.5,17.1,2.8,27.3,1/7/2021,true
Fedora,Stearn,15,Female,Première,7.1,15.4,12.3,20.0,4/29/2021,true
Yuma,Lamblot,16,Male,Seconde,18.9,11.2,14.4,98.5,1/5/2021,false
Alverta,Saffon,16,Genderqueer,Première,13.0,18.8,11.5,56.5,4/23/2021,true
Jodie,Lott,15,Male,Terminale,8.2,3.9,0.6,20.3,9/2/2020,false
Julie,Meanwell,18,Female,Seconde,6.5,14.6,6.2,28.2,6/29/2021,false
Orin,Durrans,16,Male,Terminale,10.7,13.6,10.5,46.2,5/27/2021,false
Sherri,Burgwyn,18,Female,Seconde,3.7,15.8,15.2,21.5,9/7/2020,false
Moria,McKirton,15,Female,Première,14.4,13.8,8.9,10.6,11/25/2020,false
Willetta,Gethouse,18,Female,Première,7.1,4.2,16.3,81.1,10/21/2020,true
Calli,Ruggiero,17,Female,Seconde,11.7,2.4,13.4,95.2,3/1/2021,true
Emilia,Wheatley,16,Female,Première,16.3,19.6,17.3,93.4,3/27/2021,false
Wain,Newcombe,15,Male,Terminale,2.9,11.8,5.9,14.9,3/11/2021,false
Ginny,Gullivan,15,Female,Première,18.1,5.5,3.9,4.1,1/21/2021,true
Yancey,Wasiela,16,Male,Terminale,16.7,4.3,16.2,10.1,12/29/2020,false
Karlotte,Kilfeder,16,Female,Terminale,19.1,19.0,19.8,4.2,3/8/2021,true
Travis,Ronnay,19,Male,Seconde,5.3,0.9,6.0,69.8,9/19/2020,true
Raffaello,Foye,17,Male,Première,13.3,12.4,11.2,31.7,1/23/2021,false
Steward,de Broke,15,Male,Première,8.6,11.5,1.4,97.8,8/31/2021,false
Nathan,Lippett,16,Male,Terminale,7.2,8.9,8.0,30.5,7/3/2021,true
Mariam,Lark,16,Female,Terminale,8.7,7.3,16.3,33.1,6/9/2021,true
Bentlee,Greschik,19,Male,Terminale,8.4,6.6,7.0,75.9,2/4/2021,true
Donovan,Kuhnt,19,Male,Première,13.6,5.0,12.6,85.9,3/18/2021,true
Leonore,Rhucroft,16,Genderfluid,Première,3.3,16.5,4.3,96.6,6/13/2021,false
Maggy,Dunlap,17,Female,Terminale,1.0,4.5,17.5,6.7,4/12/2021,false
Bernadette,Jolley,19,Female,Seconde,14.5,5.4,16.3,73.8,5/9/2021,true
Marv,Klimp,19,Male,Première,6.8,2.4,6.9,29.7,6/9/2021,false
Cary,Routh,19,Male,Première,17.1,14.1,1.3,52.3,5/29/2021,true
Conny,Colgan,16,Male,Première,19.5,8.9,4.9,57.4,12/1/2020,false
Ripley,Gothard,17,Male,Seconde,3.2,16.9,16.8,33.5,3/18/2021,false
Amery,Bradd,19,Male,Seconde,18.5,2.5,6.8,13.7,5/15/2021,true
Abagail,Bellon,18,Female,Seconde,9.1,5.2,15.6,85.9,5/24/2021,true
Tanner,Andreasson,17,Male,Seconde,7.0,8.8,18.7,2.3,4/28/2021,false
Lina,Hakonsson,16,Female,Première,8.5,6.1,13.5,12.4,7/2/2021,false
Marna,Morter,15,Female,Première,16.0,8.2,4.8,51.6,11/27/2020,false
Pegeen,Kirlin,17,Female,Première,19.7,17.7,14.6,28.7,11/6/2020,true
Torin,Pollie,18,Male,Terminale,6.4,0.5,6.5,16.9,11/7/2020,false
Consuela,McCleverty,19,Female,Seconde,3.5,4.0,16.9,10.1,6/22/2021,true
Consolata,Persent,15,Female,Seconde,4.4,15.9,14.9,14.1,11/22/2020,true
Torr,Barrie,16,Male,Terminale,16.5,12.2,16.6,80.5,3/6/2021,true
Tymothy,Bedle,17,Male,Terminale,1.6,3.6,15.9,99.9,11/19/2020,true
Gerhardine,Silverwood,16,Female,Première,19.8,11.1,9.2,88.6,2/8/2021,true
Rosina,Bull,18,Bigender,Première,12.3,10.8,14.0,32.8,11/17/2020,true
Maia,Hoggan,15,Female,Terminale,16.2,19.2,14.9,96.1,10/22/2020,true
Nissie,Buey,16,Female,Première,14.4,9.3,6.3,46.1,2/19/2021,false
Ardys,Gregs,15,Female,Terminale,5.5,3.5,6.2,20.2,12/21/2020,true
Bram,Deniske,17,Male,Terminale,4.5,19.7,17.1,89.4,12/22/2020,false
Moe,Copestick,19,Male,Première,7.1,12.6,7.0,65.6,9/12/2020,false
Lindsey,Whight,19,Male,Première,7.4,2.4,4.2,34.6,11/28/2020,false
Melisenda,Fulstow,15,Female,Seconde,7.1,4.2,9.4,57.8,1/10/2021,true
Bordy,Paul,19,Male,Première,14.9,17.4,17.8,91.2,10/8/2020,true
Netti,Daymont,15,Female,Terminale,18.6,4.4,11.1,51.5,2/19/2021,true
Brad,Stedall,19,Male,Première,12.6,1.3,0.3,80.6,10/2/2020,true
Roi,Mudd,17,Male,Seconde,5.4,19.0,12.7,65.0,10/20/2020,true
Pauline,Narramore,18,Female,Terminale,13.1,14.5,2.0,43.4,4/12/2021,false
Carmita,Lackmann,16,Female,Terminale,0.7,14.9,19.0,53.4,6/21/2021,true
Shela,Treagust,15,Female,Seconde,11.1,14.9,1.4,62.8,5/3/2021,false
Karlis,Charlewood,16,Male,Terminale,14.8,15.6,19.8,69.8,4/26/2021,true
Dorice,Allsopp,16,Female,Première,15.3,14.7,14.0,41.6,4/14/2021,false
Dolorita,Ricart,16,Non-binary,Première,13.6,12.5,2.3,2.5,6/15/2021,false
Lina,Daughtrey,16,Female,Terminale,11.8,16.1,19.4,61.4,8/4/2021,false
Ebony,Hruska,16,Female,Terminale,11.9,18.4,13.4,0.3,5/4/2021,false
Belvia,Spadoni,19,Female,Première,1.9,9.2,12.1,84.1,12/26/2020,true
Obed,Skinley,18,Male,Terminale,11.3,10.1,13.0,27.5,5/12/2021,true
Harlen,Pimm,16,Polygender,Terminale,2.4,19.9,7.0,45.6,6/24/2021,true
Fredra,Carlick,19,Female,Première,4.8,5.3,14.7,70.4,7/23/2021,true
Jeff,Sallier,16,Male,Première,6.8,14.6,9.5,70.1,7/12/2021,true
Correy,Laverack,15,Female,Première,0.5,6.3,14.0,38.5,2/16/2021,true
Benjie,Banfill,17,Bigender,Première,19.0,5.6,18.6,15.4,6/10/2021,true
Lisha,Pilipyak,16,Female,Première,3.9,15.6,14.7,22.3,10/31/2020,false
Sal,Enoch,17,Polygender,Première,11.2,3.0,0.2,13.6,10/18/2020,true
Farly,Lavrinov,19,Male,Seconde,16.9,17.6,9.0,14.0,7/19/2021,false
Adrea,Jackling,17,Female,Terminale,1.5,16.8,3.6,12.5,3/11/2021,true
Auria,Hutton,15,Female,Terminale,2.4,18.8,7.4,9.4,7/25/2021,true
Charleen,Salmoni,15,Female,Seconde,11.7,4.6,2.8,95.4,8/25/2021,false
Kinnie,Zollner,15,Male,Seconde,3.8,14.4,0.0,98.0,9/17/2020,false
Devinne,Polle,17,Agender,Seconde,16.7,11.5,2.6,0.9,7/21/2021,true
Caressa,Notley,18,Female,Seconde,8.7,0.5,6.0,64.9,4/3/2021,true
Tamera,Peller,15,Female,Terminale,12.1,2.8,2.2,65.5,12/3/2020,false
Morris,Gavrielli,19,Male,Terminale,4.2,9.3,13.5,42.0,12/22/2020,false
Kizzie,Brumbye,18,Female,Seconde,4.8,15.3,10.5,1.0,5/25/2021,false
Karine,Edens,18,Female,Seconde,3.0,14.4,0.9,78.0,12/4/2020,false
Lyndsie,Braunstein,17,Agender,Seconde,13.1,8.0,5.4,92.4,7/27/2021,true
Henrietta,Bronot,19,Female,Seconde,9.1,0.7,14.5,16.6,2/12/2021,true
Hoebart,Pafford,19,Male,Terminale,15.6,4.9,18.8,3.0,10/1/2020,true
Nona,Kayzer,18,Female,Première,7.7,10.2,1.3,99.5,5/17/2021,false
Barris,Souley,18,Male,Terminale,8.4,0.1,8.9,21.5,11/26/2020,false
Kermit,Renne,15,Male,Seconde,11.3,19.2,19.4,51.9,6/16/2021,false
Maribeth,Checketts,19,Non-binary,Première,18.0,18.3,16.2,9.0,1/29/2021,false
Adamo,Nickoles,17,Male,Terminale,10.5,14.8,4.8,80.5,2/27/2021,true
Hedwiga,Brayne,19,Female,Terminale,12.4,16.5,1.4,97.7,3/31/2021,false
Delmore,Sposito,19,Male,Seconde,15.6,1.4,16.0,9.4,9/15/2020,false
Arlen,Woodyear,17,Male,Terminale,1.7,9.7,5.2,54.6,1/15/2021,false
Law,Martina,16,Male,Seconde,16.1,13.4,9.0,72.1,8/14/2021,false
Darsey,Aloshkin,18,Female,Seconde,19.2,0.4,9.8,67.2,5/8/2021,false
Issy,Altoft,16,Female,Première,12.8,18.9,15.4,43.3,1/17/2021,false
Lela,Strathe,16,Female,Seconde,10.4,8.5,18.7,21.5,2/26/2021,false
Wolfgang,Friar,16,Male,Seconde,15.3,16.5,15.5,5.2,6/17/2021,false
Terencio,McGann,15,Male,Première,9.2,5.0,17.1,55.1,3/5/2021,false
Wheeler,Wisniewski,15,Male,Terminale,2.4,6.9,3.3,48.6,4/29/2021,true
Gretchen,Ogg,15,Female,Terminale,11.5,11.6,12.1,81.8,3/22/2021,true
Malena,Rosenhaus,17,Female,Première,11.3,1.0,16.4,16.4,12/9/2020,false
Stavro,O'Longain,19,Male,Première,3.4,1.4,18.1,84.0,9/13/2020,false
Bertie,Pamphilon,19,Male,Terminale,17.8,14.9,17.8,53.0,11/27/2020,true
Rahal,Stoneley,16,Female,Première,18.0,8.3,13.3,74.9,3/24/2021,true
Frazier,Mathison,19,Male,Première,15.8,14.8,4.8,56.5,1/25/2021,true
Vernor,Bricham,19,Male,Terminale,8.3,6.7,1.9,88.9,10/11/2020,false
Christy,Yanson,19,Male,Première,6.5,11.0,7.7,16.4,12/9/2020,false
Nico,Iles,18,Male,Seconde,0.8,13.3,19.7,89.6,4/9/2021,true
Carny,D'Aubney,19,Male,Terminale,18.7,4.6,17.4,91.1,3/25/2021,true
Mile,Olechnowicz,18,Male,Première,17.2,18.6,13.9,80.0,7/21/2021,true
Ibrahim,Arlott,16,Male,Terminale,19.3,2.5,7.9,50.8,2/13/2021,false
Barbette,Gerold,15,Female,Première,2.1,11.0,10.6,67.2,5/2/2021,true
Kristina,Tewkesbury,16,Female,Terminale,3.2,5.3,14.2,65.7,9/2/2020,true
Reuben,Smolan,16,Male,Seconde,18.4,19.2,11.3,29.7,8/12/2021,false
Yance,Gant,15,Male,Seconde,6.7,9.7,11.2,94.9,9/9/2020,true
Laurene,Tyreman,18,Female,Première,5.8,5.7,16.0,36.4,7/15/2021,true
Bryanty,Lillicrap,19,Genderqueer,Terminale,16.0,14.4,1.7,55.8,6/13/2021,false
Darell,Preon,15,Female,Première,17.6,12.3,6.5,2.2,5/23/2021,false
Amalee,Kores,17,Female,Seconde,9.0,5.6,7.2,78.7,8/30/2021,true
Mendie,Lages,19,Male,Terminale,4.4,11.4,2.5,73.1,9/16/2020,false
Vilhelmina,Conrad,15,Female,Terminale,0.3,12.5,6.9,76.4,7/7/2021,false
Hermon,Hutcheon,16,Male,Seconde,15.7,3.0,16.7,29.8,4/26/2021,false
Renault,Patman,18,Male,Seconde,9.0,5.2,6.4,38.9,2/20/2021,false
Kynthia,Truggian,19,Polygender,Terminale,6.0,5.7,3.3,29.2,1/23/2021,true
Aguistin,Steffan,19,Male,Première,10.4,11.1,15.4,94.0,12/21/2020,false
Augustin,Louca,19,Male,Terminale,12.7,17.7,17.4,97.9,5/14/2021,false
Jodi,Passy,16,Male,Seconde,12.9,3.6,8.0,94.3,2/11/2021,true
Emanuele,Miell,16,Male,Terminale,4.2,8.9,18.0,83.4,3/2/2021,false
Linc,Fitzpatrick,15,Male,Première,0.1,7.8,8.8,26.0,11/7/2020,false
Staford,Clampe,15,Male,Première,17.8,20.0,10.0,26.7,10/3/2020,true
Sloan,McDowall,15,Male,Terminale,10.2,16.7,2.3,20.8,9/13/2020,false
Zonda,Carlo,16,Female,Terminale,15.0,0.8,2.5,75.9,3/20/2021,false
Gratiana,Churchward,15,Female,Terminale,15.6,2.0,8.0,22.3,11/2/2020,false
Ernie,Pllu,19,Male,Seconde,3.2,16.3,3.0,52.2,7/13/2021,false
Ramon,Cregin,19,Male,Terminale,10.0,14.1,17.6,7.2,3/15/2021,true
Orsa,Coye,19,Female,Seconde,5.3,5.3,15.5,11.0,10/1/2020,true
Phillipe,Parsonage,17,Male,Terminale,13.2,6.9,11.3,76.7,6/9/2021,false
Gregg,Parysiak,16,Male,Terminale,13.8,14.2,3.9,66.7,4/22/2021,true
Liane,Yanin,16,Agender,Seconde,0.5,5.7,2.6,53.6,2/17/2021,false
Carver,Elan,19,Male,Première,10.8,2.3,3.9,96.5,2/8/2021,true
Petr,Denyagin,18,Male,Terminale,3.1,0.1,18.6,46.5,12/27/2020,false
Lazaro,Fumagalli,19,Genderqueer,Première,18.0,10.0,16.4,86.0,8/17/2021,true
Heidie,Faivre,19,Female,Première,17.2,10.8,16.9,49.6,3/28/2021,true
Susy,Buchett,18,Female,Terminale,2.4,15.2,2.0,26.9,1/22/2021,false
Bridgette,Haggerwood,18,Female,Seconde,18.5,10.4,6.8,50.2,8/18/2021,false
Kayne,Myhill,19,Male,Terminale,0.5,18.4,10.6,88.3,5/23/2021,true
Gracia,Botterill,17,Female,Terminale,15.7,17.3,8.3,96.8,6/25/2021,true
Conrad,Lean,15,Male,Terminale,11.0,12.6,6.8,60.3,5/10/2021,false
Pietra,Netley,16,Female,Première,11.7,2.7,0.2,69.5,1/3/2021,true
Lonnie,Vasyunkin,17,Female,Seconde,5.1,3.7,7.7,54.6,3/2/2021,true
Vittorio,Gieves,17,Male,Terminale,15.9,0.2,12.6,72.9,10/18/2020,true
Haskel,Kinlock,15,Male,Terminale,17.9,14.1,0.7,19.4,1/31/2021,false
Elyn,Ramirez,18,Female,Première,6.4,11.3,17.7,49.1,4/24/2021,false
Brockie,Tomlins,19,Male,Seconde,0.1,19.7,15.5,4.8,9/29/2020,true
Chaddy,Foulger,15,Male,Terminale,18.9,13.8,12.3,62.4,9/26/2020,false
Mord,Dearsley,18,Non-binary,Seconde,8.1,17.2,4.2,41.9,2/28/2021,true
Isabeau,Brise,15,Female,Seconde,1.6,13.4,8.3,23.7,11/16/2020,true
Madlin,Tassel,19,Female,Terminale,11.8,16.1,14.3,53.7,10/7/2020,true
Cecil,Eloy,15,Male,Seconde,16.9,10.6,2.7,26.9,10/9/2020,true
Ly,Goodhall,19,Polygender,Première,6.7,18.9,13.7,13.7,9/16/2020,false
Giralda,Deshorts,16,Female,Terminale,1.9,11.9,3.9,75.3,12/18/2020,false
Giorgia,Elford,18,Female,Première,15.2,15.3,15.8,88.8,8/25/2021,false
Wilhelmina,Henricsson,16,Female,Seconde,0.7,12.7,7.2,0.5,10/30/2020,true
Randie,de Mullett,19,Female,Terminale,6.2,19.9,0.4,10.4,5/22/2021,false
Ransell,Streeting,17,Male,Terminale,10.9,3.4,8.9,7.6,2/13/2021,false
Franklin,Cratere,19,Male,Seconde,18.6,15.2,15.2,15.7,8/28/2021,true
Katee,Tiddy,18,Female,Première,4.9,18.5,10.6,21.2,10/22/2020,true
Zebadiah,Grimmolby,17,Male,Seconde,0.5,0.1,19.8,19.1,1/3/2021,true
Laird,Prazor,18,Male,Première,18.4,15.7,2.2,47.5,9/8/2020,true
Harwilll,Collar,16,Male,Seconde,7.6,6.6,16.3,38.1,11/17/2020,true
Beltran,Liver,15,Male,Seconde,18.4,19.3,16.2,33.9,5/9/2021,true
Chandal,Keiling,16,Agender,Première,16.5,15.8,17.6,55.0,7/13/2021,false
Norman,Seman,17,Male,Terminale,4.9,8.1,15.0,68.9,10/22/2020,true
Timmy,Menghi,15,Male,Première,1.4,6.1,13.4,10.3,9/13/2020,true
Benny,Spinetti,15,Male,Terminale,5.1,18.1,16.2,24.9,5/6/2021,true
Helaina,Houchin,18,Female,Seconde,4.1,17.6,19.1,20.5,5/15/2021,true
Kaylee,Bonner,16,Female,Terminale,13.0,18.1,17.9,49.0,9/26/2020,false
Major,Simester,17,Male,Terminale,17.6,12.1,7.1,82.5,4/24/2021,false
Rhodia,McCaughen,18,Female,Terminale,16.5,0.7,3.5,36.3,7/21/2021,true
Jayson,Daenen,18,Male,Première,16.3,1.5,3.9,62.5,4/15/2021,true
Ursola,Kingswood,17,Female,Terminale,0.2,0.9,0.9,89.2,12/12/2020,false
Anni,Rollitt,17,Female,Seconde,15.9,0.9,19.5,88.0,11/2/2020,true
Sileas,Hanselmann,16,Non-binary,Terminale,2.1,10.6,7.8,25.6,2/26/2021,false
Gretchen,Shine,15,Female,Seconde,10.5,10.3,14.5,24.8,4/7/2021,true
Nariko,Mc Gorley,16,Female,Première,2.6,15.1,4.1,13.2,11/1/2020,false
Jordan,Lerven,19,Female,Première,2.0,11.9,8.6,76.2,8/24/2021,true
Spencer,Cartledge,18,Polygender,Seconde,9.5,4.2,17.4,65.1,7/25/2021,true
Enriqueta,Schafer,15,Female,Terminale,14.3,16.4,6.2,94.9,9/4/2020,false
Lindy,Sawyers,17,Female,Terminale,1.2,8.8,17.5,94.4,1/1/2021,true
Umberto,Davenell,15,Male,Terminale,3.9,7.0,8.5,15.8,3/29/2021,false
Edee,Baskerfield,19,Female,Seconde,6.1,1.7,12.5,55.2,6/5/2021,false
Deirdre,Staddom,19,Female,Première,0.1,1.5,10.4,61.2,10/10/2020,true
Harley,Steinson,17,Female,Terminale,1.8,10.2,9.2,8.7,12/14/2020,true
Ashlan,Jantot,17,Female,Terminale,9.7,2.0,18.4,90.1,4/15/2021,true
Jorgan,Gelardi,15,Male,Première,8.9,6.5,15.9,18.4,7/6/2021,false
Ivette,Davey,16,Female,Première,10.9,1.0,6.5,42.3,3/11/2021,true
Angele,Bode,19,Female,Terminale,5.7,8.3,7.4,99.6,2/17/2021,false
Wally,Nesbit,19,Male,Terminale,16.3,6.5,17.8,14.9,6/23/2021,false
Sandie,Forrest,18,Female,Première,18.5,6.7,14.3,67.8,2/4/2021,false
Kenneth,Lembrick,16,Male,Première,16.1,2.7,2.5,72.4,5/30/2021,true
Gwyn,Gligoraci,17,Female,Seconde,16.9,18.2,3.9,28.6,4/13/2021,false
Kendricks,Prendiville,17,Bigender,Seconde,2.7,5.5,8.2,18.3,1/11/2021,false
Hedvig,Masdon,16,Female,Terminale,12.1,7.9,2.5,63.5,8/8/2021,true
Melicent,Minthorpe,17,Female,Seconde,7.8,3.5,12.7,56.4,10/16/2020,false
Clyde,Deeth,17,Male,Terminale,0.2,13.8,14.6,51.0,7/27/2021,false
Fae,Boater,15,Genderqueer,Première,3.6,7.2,9.5,30.2,10/16/2020,true
Marina,Vasyaev,18,Female,Terminale,12.2,17.3,8.4,11.1,9/14/2020,true
Morey,Kloisner,15,Male,Seconde,18.8,3.9,15.4,84.1,2/15/2021,false
Barthel,Critchley,19,Male,Terminale,2.3,8.4,15.4,69.5,12/31/2020,true
Burke,Norcott,15,Male,Seconde,8.9,3.5,9.1,23.6,6/7/2021,false
Aloise,Delgardillo,15,Female,Terminale,18.3,14.1,10.6,29.8,3/21/2021,false
Hermia,Figgen,18,Female,Première,1.8,17.3,7.3,97.4,11/23/2020,false
Alain,Chick,15,Male,Première,0.6,3.5,7.5,50.3,8/9/2021,true
Rose,Hackett,17,Genderqueer,Première,11.5,2.0,16.9,73.2,2/26/2021,false
Florida,Swaisland,17,Female,Première,19.4,9.8,3.1,49.7,5/31/2021,false
Cordi,Sarsons,15,Female,Première,3.0,3.9,6.6,23.1,9/8/2020,true
Phil,Formigli,18,Non-binary,Terminale,3.8,2.6,12.4,68.3,3/27/2021,true
Rhiamon,Oldrey,17,Female,Seconde,16.9,16.5,15.0,87.6,1/9/2021,false
Murvyn,Rigolle,16,Male,Première,2.5,10.3,8.0,56.7,7/13/2021,true
Ewen,Weddeburn,18,Male,Seconde,8.1,12.0,19.5,52.8,1/21/2021,true
Ettore,Annakin,18,Male,Seconde,2.1,9.8,1.0,14.0,12/5/2020,true
Shannah,Thebeaud,19,Female,Seconde,5.6,18.5,11.5,94.6,10/6/2020,true
Chandra,Melladew,19,Female,Seconde,8.7,12.7,19.0,19.8,10/27/2020,true
Erasmus,Toppin,15,Male,Seconde,17.4,5.0,3.8,63.9,4/17/2021,true
Rik,Stivani,18,Male,Terminale,18.9,9.1,12.1,92.2,3/3/2021,false
Emili,Loosley,15,Genderfluid,Première,14.6,18.8,15.1,21.0,7/6/2021,true
Asher,Pothergill,16,Male,Première,10.7,7.7,5.1,14.9,2/9/2021,false
Poul,Thickpenny,16,Male,Première,9.1,19.3,8.5,67.3,1/9/2021,true
Giselle,Brighty,15,Female,Première,2.9,9.7,17.0,15.2,3/21/2021,false
Abbott,Thomesson,16,Male,Première,16.6,11.5,6.0,46.6,4/15/2021,false
Saree,Doley,18,Bigender,Première,18.6,17.1,10.7,11.6,3/14/2021,true
Fina,Deport,17,Female,Seconde,6.4,20.0,10.0,0.9,10/9/2020,true
Peirce,Cubitt,17,Male,Première,8.6,15.5,17.3,29.7,7/30/2021,false
Joby,Vernall,18,Female,Seconde,16.1,2.6,5.0,95.5,7/26/2021,false
Fidelio,O'Fallone,16,Male,Terminale,4.4,11.4,13.6,8.8,12/8/2020,false
Meyer,Byard,17,Male,Terminale,2.0,15.7,15.7,98.6,12/5/2020,false
Norby,Giannassi,15,Male,Première,6.0,10.9,19.9,8.3,7/27/2021,false
Cara,Riddington,19,Female,Première,10.3,14.6,3.8,55.2,7/17/2021,false
Lyn,Schulter,15,Female,Première,13.9,5.9,0.2,5.1,7/1/2021,true
Pavel,Tubridy,18,Male,Première,7.2,5.2,11.2,77.8,8/7/2021,false
Brock,Wiggall,15,Male,Première,3.0,3.0,1.2,22.9,2/9/2021,true
Cara,Stimpson,15,Bigender,Première,4.2,5.0,15.9,81.0,9/23/2020,true
Burt,Spurritt,17,Male,Première,13.3,8.5,11.7,58.5,6/26/2021,false
Midge,Jolliss,19,Female,Seconde,16.0,10.5,19.4,94.5,4/10/2021,true
Wylie,Petley,16,Bigender,Terminale,10.5,7.8,17.6,2.7,7/31/2021,true
Wald,Meaden,18,Male,Terminale,13.2,9.7,5.2,50.5,3/1/2021,false
Guillaume,Lecordier,15,Male,Terminale,3.6,2.4,15.4,5.9,7/31/2021,false
Dona,Fleming,17,Female,Terminale,9.7,1.9,9.5,13.6,9/5/2020,true
Raynell,Oldaker,16,Female,Première,0.0,18.2,8.0,34.1,6/5/2021,false
Kaja,Sandeson,15,Female,Terminale,10.3,9.8,1.8,58.7,1/29/2021,true
Jaine,Timson,18,Female,Première,7.0,13.3,5.8,6.4,5/16/2021,false
Jedediah,Slyde,17,Male,Seconde,13.7,15.2,17.0,93.9,10/8/2020,false
Lay,Seniour,17,Male,Seconde,3.4,7.6,9.5,43.7,10/14/2020,true
Maxie,Canniffe,17,Female,Terminale,7.1,14.6,11.0,47.1,6/5/2021,true
Gina,Halfhyde,16,Female,Première,11.7,8.6,18.4,75.1,11/25/2020,true
Amitie,Smoth,18,Bigender,Première,3.2,3.3,13.5,54.0,9/5/2020,true
Korella,McComiskey,17,Female,Seconde,15.0,7.6,17.7,3.6,12/24/2020,true
Griz,Furneaux,16,Male,Terminale,13.2,12.5,5.2,94.7,10/31/2020,false
Carley,Randerson,16,Female,Terminale,9.1,3.8,12.5,9.9,2/25/2021,true
Shelli,Fonso,17,Female,Terminale,15.2,18.4,10.7,81.4,9/23/2020,true
Yalonda,Archdeacon,15,Female,Seconde,2.7,13.3,3.6,5.3,6/28/2021,false
Devi,Haydock,16,Female,Première,9.2,12.2,12.3,15.0,4/8/2021,true
Channa,Seyers,19,Bigender,Seconde,15.6,15.3,13.6,97.2,7/8/2021,false
Leora,Taye,19,Female,Première,3.2,10.7,9.5,54.2,2/21/2021,true
Mackenzie,Philippe,18,Male,Première,13.8,13.2,4.2,89.4,7/29/2021,false
Halimeda,Kibbe,15,Genderqueer,Seconde,10.9,2.0,18.9,41.3,6/20/2021,false
Myrvyn,Avraham,15,Male,Seconde,8.0,3.4,17.2,39.2,12/31/2020,false
Amalea,Blitzer,19,Female,Terminale,6.4,9.5,1.4,17.7,3/26/2021,false
Gilberte,Harmer,17,Female,Première,14.2,3.4,0.1,31.3,11/23/2020,true
Federica,Slite,18,Female,Première,19.5,6.7,1.7,32.9,2/16/2021,true
Tami,Larimer,16,Genderfluid,Seconde,19.1,11.2,4.2,40.8,6/16/2021,true
Cara,Shuter,18,Female,Seconde,17.8,0.2,5.5,88.5,1/3/2021,false
Jacinda,Syred,18,Female,Première,18.2,16.2,7.1,55.0,9/3/2020,false
Rowney,Vampouille,15,Male,Première,8.4,12.3,15.9,83.9,4/20/2021,false
Barr,Dye,19,Male,Terminale,15.2,15.1,9.0,39.8,2/22/2021,true
Nertie,Tyas,15,Agender,Terminale,8.5,9.2,15.8,68.6,11/2/2020,false
Valene,Leigh,18,Female,Terminale,7.0,8.3,0.0,29.6,12/6/2020,true
Enrichetta,Tuhy,17,Female,Première,6.2,2.3,12.5,23.8,7/5/2021,false
Porter,Goskar,19,Male,Seconde,4.2,11.4,1.1,24.9,3/23/2021,true
Carlee,Jimpson,19,Female,Terminale,9.4,12.7,5.9,99.1,1/8/2021,false
Rodge,Stanfield,19,Male,Terminale,8.1,5.1,9.8,69.6,12/19/2020,true
Florian,Noweak,18,Male,Terminale,13.8,17.6,0.6,54.9,10/13/2020,true
Colan,Lumpkin,19,Male,Première,13.2,9.7,7.9,95.3,7/20/2021,true
Garland,Acors,16,Female,Terminale,13.3,19.1,4.0,25.5,6/25/2021,true
Mirabel,Schuricht,17,Female,Terminale,0.3,16.8,7.7,45.1,7/16/2021,false
Reinwald,Buddell,15,Male,Terminale,9.6,13.2,8.3,2.0,12/3/2020,false
Eddy,Duiguid,17,Bigender,Seconde,9.1,12.9,11.1,31.9,8/26/2021,true
Carmine,Croley,17,Female,Première,5.0,19.8,12.6,67.0,1/13/2021,true
Siegfried,Rawstorn,18,Male,Première,0.7,11.1,13.8,90.2,8/29/2021,true
Ibby,Regglar,15,Bigender,Seconde,0.8,7.6,10.8,97.9,1/30/2021,true
Abey,Giovannetti,16,Non-binary,Première,8.1,9.0,8.2,36.7,5/23/2021,true
Burnaby,Millott,19,Male,Terminale,11.2,1.2,10.3,64.2,9/3/2020,true
Brockie,Giovannetti,18,Male,Terminale,18.7,16.8,16.2,32.5,9/27/2020,true
Toma,Farrall,16,Female,Terminale,18.6,15.7,10.2,40.9,9/30/2020,true
Beatrisa,Jennions,16,Female,Seconde,14.1,4.4,19.7,75.1,4/17/2021,false
Edyth,Dudbridge,19,Female,Première,12.3,12.1,10.1,9.3,7/27/2021,false
Cyndi,Boness,18,Female,Terminale,12.7,7.4,2.9,50.7,6/7/2021,false
Farah,O'Lunney,17,Female,Terminale,12.8,3.5,8.6,4.6,11/5/2020,false
Kimmie,Cavan,17,Female,Seconde,9.2,9.5,2.1,55.3,3/22/2021,true
Torrey,Biskupski,19,Male,Terminale,12.4,15.8,8.3,49.7,6/17/2021,true
Christiane,Ridder,18,Female,Première,12.7,6.7,6.0,66.1,12/29/2020,true
Waylan,Looney,18,Male,Terminale,5.6,6.5,3.2,77.8,3/3/2021,true
Meriel,Demange,18,Female,Première,1.7,9.0,15.7,44.2,3/1/2021,false
Raff,Burley,18,Male,Première,12.4,6.0,17.5,57.5,7/22/2021,false
Lonnie,Sailes,18,Female,Seconde,13.6,11.8,7.9,51.3,7/17/2021,true
Freedman,Enderlein,17,Male,Terminale,4.9,1.9,14.8,27.4,7/13/2021,false
Arlen,Dilon,19,Male,Première,5.2,8.4,11.5,31.9,6/2/2021,false
Ursa,MacColl,19,Bigender,Première,18.2,0.2,19.8,45.3,7/31/2021,true
Dilan,Housaman,17,Male,Seconde,0.4,0.2,14.8,57.1,2/10/2021,false
Rochelle,Wellwood,15,Bigender,Terminale,9.9,17.1,7.3,92.3,11/1/2020,false
Leigh,Mapledoram,15,Male,Seconde,8.8,17.3,12.6,15.4,9/23/2020,false
Colette,Dakhov,18,Female,Terminale,17.0,9.1,1.1,35.8,3/28/2021,false
Luciana,Blewis,19,Female,Seconde,13.6,1.9,15.0,43.8,11/7/2020,true
Tait,MacDearmont,19,Male,Seconde,14.9,5.1,19.8,86.5,1/24/2021,false
Cord,Peizer,15,Male,Seconde,9.7,18.2,9.8,96.9,8/6/2021,false
Jori,Otton,15,Polygender,Seconde,9.0,1.9,14.3,14.8,7/19/2021,true
Nikki,Capaldi,18,Male,Seconde,9.1,6.7,4.5,66.5,10/18/2020,true
Herbie,Brixey,18,Male,Terminale,1.0,9.1,2.0,74.5,6/18/2021,false
Addy,Eallis,19,Male,Première,1.7,2.3,11.6,67.5,7/2/2021,true
Tabbie,Ilden,19,Male,Terminale,7.8,14.2,4.2,34.0,5/13/2021,true
Marissa,Brotherick,16,Female,Seconde,16.6,17.9,11.8,78.9,2/23/2021,false
Conroy,Weymont,19,Male,Terminale,18.7,5.5,17.5,80.9,4/11/2021,true
Myrah,Penniall,17,Female,Première,7.9,1.0,8.6,75.0,4/1/2021,false
Therine,Dew,18,Female,Première,14.1,17.8,18.0,75.5,5/4/2021,true
Kev,O'Crotty,16,Male,Terminale,15.7,2.8,17.9,85.0,6/11/2021,true
Cello,Gipp,15,Male,Première,17.7,18.9,18.9,51.1,2/13/2021,true
Felice,Gilmour,17,Male,Terminale,3.6,17.3,19.8,8.2,11/10/2020,false
Emanuel,Narramor,18,Male,Seconde,4.4,18.5,7.8,7.8,11/24/2020,false
Mattie,Plunket,17,Non-binary,Terminale,7.5,6.8,7.9,60.6,6/4/2021,false
Lorrayne,Geist,18,Genderqueer,Seconde,3.1,13.0,6.0,65.2,7/31/2021,false
Reed,Richfield,19,Male,Seconde,14.6,8.1,11.0,72.3,1/30/2021,true
Merilee,Myerscough,19,Female,Première,7.6,16.5,5.2,100.0,8/14/2021,true
Karlyn,Radbourn,15,Female,Terminale,3.2,8.5,9.1,65.2,8/13/2021,false
Rhona,Brunotti,19,Female,Première,4.9,12.5,0.4,2.4,10/17/2020,false
Tamarra,Minchinton,17,Female,Première,12.2,3.5,7.7,57.7,11/8/2020,false
Norri,Belfit,15,Female,Terminale,0.5,2.2,17.4,64.9,1/11/2021,false
Keary,Rasmus,16,Male,Terminale,15.7,5.6,2.9,78.3,1/30/2021,false
Elisabet,Langston,19,Female,Première,6.8,13.5,4.3,10.5,7/4/2021,true
Israel,Ponsford,19,Male,Seconde,6.6,8.8,4.1,1.6,2/6/2021,true
Evered,Tarquinio,18,Male,Première,15.3,3.3,10.3,70.7,12/26/2020,false
Robinette,Halton,17,Female,Terminale,3.9,6.1,10.0,79.9,10/15/2020,true
Roth,Whales,16,Male,Première,5.9,3.8,13.8,70.9,8/7/2021,true
Alison,Hyett,15,Female,Seconde,16.6,13.7,10.7,13.8,8/28/2021,true
Margareta,Gosnoll,16,Female,Seconde,13.7,11.7,1.0,49.6,3/7/2021,false
Hervey,Prout,15,Male,Seconde,14.3,18.0,2.8,36.7,8/7/2021,true
Nevins,Inch,19,Male,Terminale,1.0,17.8,18.0,33.5,11/5/2020,true
Norrie,Sabatini,17,Male,Seconde,1.1,13.2,2.3,75.6,9/17/2020,true
Lou,Olyfat,16,Male,Terminale,8.8,4.1,15.3,99.7,11/23/2020,true
Jdavie,Dehn,18,Male,Seconde,4.7,10.6,19.7,90.2,1/3/2021,false
Beverley,Rashleigh,17,Female,Première,5.4,0.5,2.7,72.5,2/5/2021,false
Latisha,Waterhouse,15,Female,Seconde,18.6,4.4,15.1,16.9,2/12/2021,false
Rik,Castillou,16,Male,Terminale,19.6,19.6,4.0,50.3,3/1/2021,false
Romonda,Blouet,19,Female,Terminale,4.0,5.2,0.7,34.5,12/18/2020,true
Duane,Lamberti,15,Male,Première,4.3,8.9,0.8,46.0,11/27/2020,false
Westbrook,Bubeer,15,Male,Première,7.6,16.3,18.3,25.7,9/16/2020,false
Lennie,Bignal,18,Male,Première,7.9,1.5,3.1,44.4,6/12/2021,true
Alley,Robker,18,Male,Première,5.2,0.4,13.0,60.1,6/30/2021,false
Trever,Guerreau,15,Bigender,Première,5.5,5.3,12.0,79.0,3/15/2021,false
Seka,Colum,17,Female,Première,4.0,0.5,1.2,7.4,10/6/2020,true
Conny,Clemencon,19,Female,Terminale,6.5,15.3,8.3,68.5,3/11/2021,true
Catherina,Gabey,16,Female,Première,4.3,4.3,7.3,97.6,7/21/2021,true
Mireille,Powles,18,Female,Première,11.1,1.7,18.7,78.8,9/22/2020,false
Penny,Stirgess,18,Female,Seconde,7.0,2.6,14.9,97.6,3/24/2021,false
Ingemar,Andreix,19,Male,Terminale,11.2,19.0,2.8,6.9,11/25/2020,true
Karna,Trunby,15,Female,Première,8.7,18.9,13.6,73.8,5/8/2021,true
Chandal,Plumtree,19,Female,Seconde,4.0,17.9,14.6,96.3,6/9/2021,true
Seamus,Oakenfall,15,Male,Terminale,9.6,10.3,19.3,85.4,4/6/2021,false
Lurline,Keble,19,Female,Seconde,3.1,2.0,11.7,89.8,4/23/2021,false
Humbert,Farahar,16,Male,Première,8.6,7.3,17.0,84.0,10/24/2020,true
Lothaire,Stanion,16,Male,Terminale,19.7,18.2,16.3,37.5,10/6/2020,false
Dwayne,Yerbury,17,Male,Première,10.0,8.1,9.7,2.0,10/22/2020,false
Currie,Kalderon,15,Male,Terminale,3.0,19.1,18.5,4.8,10/8/2020,false
Carleton,Caldairou,16,Male,Seconde,8.2,14.1,16.7,37.8,1/2/2021,false
Imelda,Coudray,19,Female,Terminale,12.8,13.1,6.8,91.7,8/8/2021,true
Cullan,Parkins,19,Male,Seconde,11.1,13.4,4.6,48.0,10/9/2020,false
Hans,Veal,16,Male,Première,11.5,19.8,6.5,23.1,3/1/2021,false
Der,Causbey,16,Male,Seconde,16.5,5.9,15.7,21.5,3/15/2021,false
Darya,Quelch,16,Female,Seconde,15.2,18.3,5.5,30.1,9/27/2020,true
Sam,Venus,16,Male,Première,9.1,18.0,17.9,46.2,6/8/2021,true
Robina,Comini,19,Female,Terminale,8.9,16.0,9.6,53.0,4/12/2021,false
Omero,Wenger,17,Male,Seconde,8.5,9.3,10.7,19.7,9/16/2020,true
Earvin,Harken,19,Male,Terminale,13.3,8.3,12.4,36.8,11/21/2020,true
Drucie,Sange,19,Female,Seconde,14.9,14.9,2.1,30.7,4/15/2021,true
Dale,Skyppe,17,Male,Première,14.1,12.0,5.8,69.8,8/3/2021,true
Hanni,Longbottom,19,Female,Seconde,15.6,11.6,18.7,93.4,10/14/2020,true
Shaine,Lennie,17,Female,Terminale,16.7,2.9,15.7,67.6,12/19/2020,false
Chick,Youd,17,Male,Seconde,15.6,18.4,14.3,35.9,9/1/2020,false
Nataniel,Dykins,18,Polygender,Terminale,8.3,13.2,18.9,23.3,3/4/2021,true
Melba,Tregent,15,Female,Terminale,2.6,0.5,16.2,61.3,3/29/2021,true
Bonny,Sotheron,17,Genderfluid,Terminale,8.8,14.7,4.1,74.2,12/1/2020,true
Mord,Lorenz,18,Male,Seconde,19.5,12.1,0.0,80.7,8/30/2021,true
Sashenka,Cuell,17,Bigender,Première,6.9,19.4,12.1,91.6,11/21/2020,true
Julie,Duckwith,16,Male,Première,3.5,1.1,5.6,86.0,5/3/2021,true
Cissy,Eisenberg,18,Female,Première,4.2,12.3,16.8,51.2,3/11/2021,true
Page,Jordine,18,Male,Seconde,14.4,5.7,0.2,43.5,1/29/2021,false
Arleta,Derrick,18,Female,Seconde,16.3,3.7,10.6,64.0,5/22/2021,true
Emlynne,Yeoman,19,Female,Terminale,3.6,3.4,16.8,15.4,6/14/2021,true
Katusha,Ales,18,Female,Seconde,1.0,5.8,7.6,81.5,12/15/2020,false
Brent,Vogelein,18,Male,Première,17.9,6.3,3.4,50.9,3/17/2021,false
Rriocard,Hallowes,18,Male,Seconde,18.8,5.4,10.2,72.8,5/13/2021,true
Alonso,Radmore,19,Male,Première,7.6,4.7,14.4,19.6,12/1/2020,true
Claudina,Loftie,18,Female,Seconde,9.4,13.6,13.4,82.1,10/9/2020,false
Torrey,Maplesden,18,Male,Seconde,11.4,16.7,8.3,57.7,12/31/2020,true
Gale,Borborough,16,Genderfluid,Première,9.3,10.6,1.3,69.0,3/29/2021,true
Savina,Bulstrode,19,Female,Seconde,16.9,1.2,19.2,76.7,12/10/2020,true
Hamnet,Rassmann,18,Male,Première,12.5,2.4,14.5,17.6,5/21/2021,true
Rodrick,Jotcham,18,Male,Seconde,16.6,2.0,19.2,71.9,3/28/2021,false
Lazare,McTrusty,18,Male,Terminale,16.4,9.7,9.1,38.3,4/17/2021,true
Durand,Vlahos,19,Male,Seconde,15.7,9.7,14.4,44.3,7/2/2021,false
Gardiner,Claessens,18,Male,Terminale,5.3,13.9,11.2,15.8,1/27/2021,false
Arluene,Gowanson,18,Female,Seconde,11.9,2.6,13.3,47.2,9/8/2020,true
Noni,Napleton,16,Female,Seconde,1.1,13.6,16.5,60.0,12/24/2020,false
Tana,Boshell,16,Non-binary,Seconde,4.1,0.6,12.6,67.0,11/23/2020,false
Lelah,Lesly,15,Female,Première,16.9,13.4,18.4,67.8,7/23/2021,false
Gretel,Sutherington,17,Female,Première,19.5,1.1,19.1,33.4,7/29/2021,true
Kellby,Pisculli,18,Male,Terminale,2.4,10.7,13.5,9.7,10/15/2020,false
Michelle,Farmery,17,Female,Première,15.8,12.9,9.1,63.8,2/27/2021,false
Violet,Dwane,17,Female,Terminale,4.0,11.6,4.1,59.2,5/9/2021,false
Eleanor,Lerway,19,Female,Terminale,10.2,5.2,13.0,10.3,7/3/2021,false
Laney,Sprowson,19,Female,Seconde,12.4,4.6,14.5,45.6,10/23/2020,false
Lona,Ledgard,18,Female,Seconde,11.1,16.3,18.0,94.7,7/5/2021,true
Sargent,Cheale,17,Male,Terminale,8.7,9.9,3.0,95.6,2/6/2021,true
Emmalynn,Cape,16,Female,Première,6.4,18.9,0.5,49.0,10/12/2020,true
Kelsey,Haselwood,16,Male,Seconde,13.6,0.4,8.1,34.3,9/2/2020,true
Yvonne,Kill,19,Female,Seconde,5.0,15.5,18.6,40.8,12/25/2020,true
Moria,Tanzer,19,Female,Terminale,0.8,14.5,17.7,43.9,9/10/2020,true
Ruby,Roncelli,19,Male,Terminale,20.0,16.7,7.6,93.9,7/1/2021,false
Hedda,Shropshire,17,Female,Terminale,3.3,11.0,16.9,52.2,7/16/2021,true
Myrah,Condit,18,Female,Première,2.5,6.0,16.2,8.3,7/12/2021,true
Skipp,Wasiel,17,Genderfluid,Terminale,14.4,7.0,3.7,94.9,9/22/2020,false
Sheffield,Pettifor,19,Male,Seconde,17.6,13.3,10.6,18.8,7/18/2021,false
Willie,Tremble,15,Female,Première,0.3,11.5,12.0,62.7,2/2/2021,false
Daryle,Islep,19,Male,Seconde,5.3,8.9,10.1,83.7,8/14/2021,false
Elmore,Itzkov,16,Male,Terminale,12.9,17.3,3.5,96.4,2/26/2021,false
Currie,Burtwell,15,Male,Première,8.0,16.6,5.9,54.7,7/23/2021,false
Carmine,Chessun,18,Female,Seconde,9.8,13.7,15.3,38.9,5/10/2021,true
Dacey,Renowden,18,Female,Terminale,8.9,12.3,16.2,88.4,11/20/2020,false
Binni,Hardisty,16,Female,Première,6.5,3.8,10.7,39.7,7/28/2021,true
Salomon,Redsall,15,Male,Première,10.0,8.8,2.1,35.8,10/27/2020,false
Torrey,Sibbit,18,Male,Terminale,5.3,18.7,5.1,79.4,1/26/2021,true
Flossi,McAneny,18,Female,Première,1.3,6.2,8.4,17.5,1/29/2021,false
Melisa,O' Hanvey,17,Female,Seconde,14.1,4.6,6.5,59.1,1/12/2021,true
Sax,Giacubbo,17,Male,Terminale,4.9,9.1,18.6,97.7,8/18/2021,false
Christoforo,Fenby,17,Male,Première,15.9,4.6,11.8,60.5,9/24/2020,false
June,Pepperill,19,Female,Seconde,5.6,18.9,19.4,80.5,3/9/2021,true
Arabelle,Magne,16,Female,Première,16.7,10.8,18.5,23.7,1/15/2021,false
Kimmi,Mawson,16,Female,Terminale,0.4,11.1,0.8,62.8,8/28/2021,false
Vita,Filtness,19,Female,Terminale,14.0,18.1,14.7,70.7,1/9/2021,true
Ida,Dring,16,Female,Seconde,3.4,1.8,7.7,22.7,2/26/2021,false
Rhianon,Manuelli,19,Female,Première,7.7,7.6,4.7,45.3,7/14/2021,false
Melli,Longcake,16,Female,Seconde,5.0,3.5,10.1,31.8,4/7/2021,true
Hyacinth,Handke,15,Female,Seconde,14.4,10.3,8.1,46.4,9/7/2020,false
Junette,Gidney,17,Female,Première,5.6,12.0,14.2,1.1,9/13/2020,true
Garrard,Coonan,19,Male,Terminale,12.5,10.6,7.0,76.6,11/15/2020,false
Siward,Wealthall,16,Male,Seconde,9.5,17.1,2.0,83.9,12/26/2020,false
Romain,Penylton,15,Male,Terminale,19.7,4.2,5.7,10.2,1/2/2021,false
Pepi,Compford,19,Female,Première,18.6,14.5,7.7,67.6,8/2/2021,true
Bartolomeo,Brushneen,16,Male,Première,1.8,7.8,10.4,1.0,1/3/2021,false
Giulio,Blamphin,18,Male,Terminale,17.4,11.2,6.0,88.8,6/7/2021,true
Fanechka,Finder,16,Agender,Terminale,6.7,15.0,2.6,47.0,1/27/2021,false
Byrle,Dowsey,17,Male,Seconde,9.6,12.7,18.2,54.0,9/9/2020,false
Enrico,Margaritelli,19,Male,Terminale,13.5,17.5,19.2,91.8,8/1/2021,false
Gifford,Miklem,18,Male,Seconde,7.0,14.9,13.8,78.2,4/19/2021,false
Mirna,Butland,18,Female,Seconde,10.1,16.9,11.5,52.8,6/6/2021,true
Raynell,Silvester,15,Female,Seconde,15.4,1.9,5.7,60.2,1/4/2021,true
Elston,Esgate,16,Male,Terminale,12.8,14.0,2.5,86.2,2/21/2021,false
Robin,Callam,18,Female,Première,15.7,13.1,4.8,65.4,12/4/2020,true
Kingston,Pashe,15,Male,Terminale,18.7,7.7,16.8,76.6,1/15/2021,true
Elayne,Kenway,19,Female,Première,4.7,6.3,0.2,96.3,12/31/2020,false
Jere,Fattorini,16,Male,Première,17.6,5.7,7.1,76.6,11/22/2020,false
Sondra,Frantzen,16,Female,Seconde,12.3,7.1,7.5,84.1,10/5/2020,false
Nelle,Borlease,15,Female,Seconde,4.8,11.2,15.6,99.2,10/23/2020,false
Nata,Eversfield,15,Female,Seconde,9.0,18.3,19.1,25.1,12/27/2020,false
Neel,Jimmes,18,Male,Première,7.5,6.8,17.1,72.0,2/25/2021,true
Rina,Clappson,16,Female,Première,9.1,15.6,2.3,68.1,2/1/2021,false
Riki,Eggar,15,Female,Terminale,10.9,15.2,8.1,1.7,8/21/2021,false
Duky,Cumberledge,16,Male,Seconde,12.1,4.8,15.0,11.7,10/12/2020,false
Leisha,Neeson,16,Female,Terminale,3.6,3.3,16.6,50.5,7/6/2021,true
Fayre,Glendinning,15,Female,Première,8.3,8.7,18.6,34.2,2/24/2021,false
Riva,Topping,16,Female,Terminale,16.7,8.5,16.9,14.8,3/11/2021,false
Waldon,Playford,18,Male,Terminale,8.9,9.8,14.7,87.5,4/7/2021,true
Dre,Magauran,17,Female,Seconde,9.6,12.0,10.4,62.7,1/1/2021,false
Eachelle,Robak,16,Female,Terminale,2.0,13.2,7.2,7.0,4/14/2021,true
Maria,Jeness,19,Female,Terminale,14.4,17.8,10.6,60.8,4/24/2021,false
Brendon,Stitch,17,Male,Première,16.9,4.5,0.6,61.5,1/13/2021,true
Cullin,Studdal,19,Genderfluid,Terminale,7.4,7.2,14.9,9.1,12/6/2020,false
Greta,Cruz,16,Female,Terminale,13.2,17.6,17.2,42.3,11/17/2020,false
Tannie,Norval,15,Male,Première,11.3,10.8,17.8,67.9,8/19/2021,false
Irving,Thurske,18,Male,Terminale,19.5,13.3,5.7,65.7,3/18/2021,false
Payton,Van Oort,15,Male,Terminale,16.1,1.2,2.6,10.0,1/12/2021,false
Christian,Cow,15,Male,Seconde,8.5,3.0,0.7,9.5,4/17/2021,false
Carmela,Norcott,18,Female,Terminale,9.7,13.7,0.4,58.1,8/16/2021,false
Gearalt,Pynner,18,Male,Première,17.0,13.8,5.4,18.4,11/11/2020,true
Haily,Eyre,15,Bigender,Seconde,18.8,6.3,17.8,65.2,3/16/2021,false
Trisha,Fritzer,15,Female,Première,19.4,5.2,8.8,20.0,1/30/2021,true
Neal,Surman-Wells,18,Male,Terminale,2.0,15.6,3.5,30.4,11/23/2020,false
Jarrid,Greder,18,Male,Terminale,14.0,18.0,9.5,73.7,11/18/2020,true
Faydra,Kolin,15,Female,Seconde,13.0,17.0,16.8,91.9,4/10/2021,false
Amy,Wain,16,Female,Terminale,1.8,15.2,7.1,87.4,8/16/2021,true
Shanna,Haccleton,15,Genderqueer,Seconde,2.0,18.8,11.1,20.1,11/24/2020,false
Renell,Hachette,15,Female,Terminale,17.0,11.2,8.7,39.9,2/20/2021,true
Marissa,Ashwell,16,Female,Terminale,2.4,16.9,16.8,65.3,5/21/2021,false
Mariam,Oventon,15,Female,Première,4.0,8.6,4.8,59.5,7/21/2021,true
Arlee,Lilley,19,Female,Première,8.7,1.7,4.3,52.4,8/5/2021,true
Elwin,Romero,18,Male,Première,6.3,4.6,11.5,66.7,10/31/2020,false
Karlis,Jury,18,Genderfluid,Terminale,11.9,17.3,8.6,43.9,8/25/2021,true
Nanine,Anthona,15,Female,Première,11.6,15.7,15.1,87.5,11/28/2020,false
Morgana,Quest,17,Female,Première,19.8,4.9,4.7,63.8,8/17/2021,false
Lyndell,Ondra,19,Female,Seconde,13.4,12.3,3.6,25.7,4/24/2021,true
Eddi,Crosston,17,Female,Seconde,3.6,1.7,6.6,78.5,5/12/2021,false
Reggy,Stacy,17,Male,Seconde,2.1,2.3,15.9,12.5,4/28/2021,false
Brana,Haggus,17,Polygender,Première,18.4,2.9,10.9,43.7,4/6/2021,true
Felice,Celli,17,Male,Première,19.5,17.4,10.5,53.6,9/15/2020,false
Antonie,Delve,16,Female,Première,8.1,13.5,16.1,13.1,11/30/2020,true
Yetta,Tichelaar,15,Female,Seconde,3.8,6.8,0.4,9.3,11/4/2020,false
Denys,O' Borne,16,Female,Terminale,2.9,8.3,11.6,97.1,10/15/2020,true
Markos,Fullun,18,Male,Terminale,17.2,16.4,7.8,31.0,11/21/2020,true
Esra,Colenutt,16,Non-binary,Première,0.3,18.6,6.9,6.7,11/20/2020,true
Roselia,Philipsohn,16,Female,Première,13.5,0.9,18.1,88.2,6/14/2021,true
Micaela,Benjefield,18,Female,Seconde,1.4,16.6,18.5,82.5,9/15/2020,false
Yetty,Laxe,15,Female,Seconde,6.0,8.6,2.1,53.5,12/29/2020,true
Lenora,Castane,19,Female,Seconde,9.3,15.0,6.6,81.3,4/6/2021,false
Rupert,Berford,19,Male,Terminale,16.8,15.0,14.5,28.1,11/27/2020,true
Aryn,Ciccarello,18,Female,Première,18.2,7.7,8.5,47.0,3/1/2021,true
Margarethe,O'Downe,16,Female,Terminale,19.7,6.5,6.6,69.7,6/3/2021,true
Gideon,Yes,19,Male,Première,8.9,10.6,14.8,94.1,6/3/2021,true
Reinald,Condit,17,Male,Première,15.0,15.4,15.9,66.9,5/3/2021,true
Jasmina,Shelmerdine,19,Female,Terminale,11.3,4.4,16.6,81.7,9/13/2020,true
Shannen,Bowkett,19,Female,Seconde,2.9,9.9,6.3,66.4,3/16/2021,true
Harriet,Achromov,19,Female,Terminale,13.3,13.4,4.7,48.6,1/29/2021,true
Israel,Maylam,19,Male,Terminale,11.1,15.3,9.0,92.8,4/20/2021,false
Jakie,Brockbank,17,Male,Terminale,18.3,9.9,5.6,4.2,2/16/2021,false
Fidelia,Ramet,15,Female,Première,18.4,1.5,13.6,6.5,1/9/2021,false
Corella,Leason,19,Female,Terminale,3.5,5.3,14.1,95.7,9/6/2020,true
Creighton,Whorall,18,Male,Terminale,2.0,13.8,6.4,89.8,4/16/2021,false
Grazia,Saddleton,15,Female,Terminale,16.1,0.7,11.6,53.0,1/29/2021,true
Sharla,Spores,15,Female,Terminale,17.2,14.1,13.4,68.4,11/30/2020,false
Dori,Hulles,15,Genderfluid,Première,19.3,7.8,7.0,74.0,2/1/2021,true
Griffith,Widdup,17,Male,Terminale,14.8,2.4,16.2,5.1,4/17/2021,false
Granny,Roakes,15,Male,Terminale,2.4,15.4,3.4,79.6,6/19/2021,false
Rodolphe,Tapin,16,Male,Terminale,12.2,7.1,9.3,35.6,8/12/2021,false
Adah,Slipper,15,Female,Terminale,19.2,19.8,19.2,24.6,1/4/2021,true
Caroline,Bannester,17,Female,Première,2.1,19.4,18.4,27.0,7/22/2021,true
Sabra,Paulig,16,Polygender,Terminale,18.3,15.7,8.0,14.9,1/8/2021,true
Phylis,Carthew,16,Female,Première,18.4,16.7,14.8,13.4,11/1/2020,false
Tiebold,Lynskey,16,Male,Terminale,19.0,5.8,0.5,12.0,5/8/2021,false
Gabriell,Mac,19,Female,Terminale,12.3,18.4,6.9,14.0,2/21/2021,false
Dela,Gellately,17,Female,Première,17.9,3.7,1.4,34.8,12/1/2020,true
Asher,Furber,15,Polygender,Terminale,3.2,17.3,16.0,24.1,12/7/2020,true
Gearard,Maslen,18,Male,Première,12.7,1.2,4.2,28.1,10/5/2020,true
Staci,Tarren,17,Female,Première,19.4,16.4,12.1,57.2,3/22/2021,true
Tricia,Mulvagh,19,Female,Seconde,2.5,9.3,1.7,59.0,3/27/2021,false
De witt,Danzey,19,Polygender,Terminale,7.2,9.5,3.5,8.6,5/5/2021,true
Jocko,Sparhawk,17,Male,Première,14.1,10.0,3.1,58.4,8/27/2021,false
Roda,Antonellini,18,Female,Première,6.3,3.9,12.7,82.9,3/9/2021,true
Vail,Rodinger,18,Male,Première,14.0,3.3,4.3,73.2,9/26/2020,true
Nevile,Georgius,16,Male,Terminale,6.0,9.4,8.9,26.6,12/26/2020,true
Shanna,Lingner,16,Female,Terminale,12.4,11.4,3.0,24.8,7/22/2021,false
Ermentrude,Aland,18,Female,Seconde,1.1,19.7,8.0,22.8,8/18/2021,false
Wilmer,Braban,19,Male,Terminale,19.3,12.8,11.0,93.6,5/13/2021,false
Harley,Lacheze,16,Female,Seconde,1.2,1.1,2.5,80.5,4/5/2021,true
Roderich,Cianelli,17,Male,Première,6.1,1.2,0.1,84.6,4/9/2021,true
Tomi,Wisdom,18,Female,Seconde,15.8,12.4,14.0,69.2,3/24/2021,false
Kaela,Pearch,17,Female,Terminale,0.3,8.3,5.3,30.5,6/25/2021,false
Claybourne,Cookson,17,Male,Terminale,6.1,17.3,8.0,51.5,10/21/2020,false
Normand,Isworth,18,Male,Terminale,3.5,17.2,4.4,98.9,9/10/2020,false
Gan,McKeaveney,17,Male,Terminale,5.1,3.8,17.0,5.6,8/13/2021,false
Cordelia,Clubb,16,Female,Seconde,5.6,8.6,3.8,24.6,4/28/2021,false
Gerianna,Luckey,15,Bigender,Première,9.7,15.1,19.7,27.5,1/16/2021,false
Ernesta,Erb,17,Female,Première,3.0,7.4,13.4,98.6,7/30/2021,false
Randolph,Soot,16,Male,Seconde,11.2,14.8,7.4,43.1,3/28/2021,false
Baxter,Grew,15,Male,Terminale,12.6,4.1,9.2,43.2,5/12/2021,true
Maire,MacGorley,16,Female,Première,12.5,18.5,20.0,92.5,8/3/2021,true
Raphaela,Keyte,17,Female,Première,10.2,11.8,1.8,41.9,5/11/2021,false
Willie,Borghese,17,Male,Terminale,1.1,14.2,18.0,40.5,2/2/2021,true
Bryn,Farr,15,Male,Terminale,18.6,5.6,19.1,47.3,2/19/2021,false
Gennie,Gould,18,Bigender,Première,6.1,19.5,8.7,24.5,2/9/2021,true
Andrej,Orkney,17,Male,Seconde,6.3,16.9,17.8,61.5,9/21/2020,true
Lorrie,Bonde,19,Bigender,Première,14.3,16.1,8.6,56.0,5/17/2021,true
Ossie,Abys,15,Male,Terminale,16.1,5.2,16.8,25.1,3/8/2021,true
Abie,Schruyers,15,Male,Terminale,0.1,5.2,11.7,0.3,6/23/2021,false
Robena,Hildred,18,Female,Première,6.7,0.4,15.4,65.1,6/9/2021,true
Noelyn,Monger,18,Female,Première,11.3,5.3,0.0,29.6,3/29/2021,false
Niccolo,Harrowsmith,16,Male,Seconde,19.3,7.9,18.7,45.6,8/22/2021,false
Pietro,Duggon,16,Male,Première,0.5,6.4,2.7,87.5,2/9/2021,true
Nappie,McTrustey,16,Male,Seconde,7.8,15.5,13.3,60.5,4/8/2021,false
Timi,Camus,15,Female,Terminale,3.3,8.5,18.7,16.2,10/20/2020,false
Marmaduke,Tuckey,19,Male,Terminale,3.9,4.5,8.5,89.5,12/5/2020,true
Eugenius,Danslow,17,Male,Seconde,7.5,16.7,12.5,29.4,7/7/2021,true
Phaedra,Tibb,19,Female,Seconde,18.5,14.7,18.5,96.9,4/11/2021,false
Chicky,Portwaine,19,Male,Première,18.0,1.1,12.9,26.8,1/2/2021,false
Theodor,O'Hagerty,17,Male,Première,6.2,4.0,18.4,41.4,7/7/2021,true
Burtie,Eastope,15,Male,Terminale,6.0,17.1,15.8,24.3,3/27/2021,false
Giff,Allderidge,15,Male,Terminale,8.5,17.6,11.5,74.3,4/7/2021,false
Tibold,Osborne,16,Male,Seconde,18.8,12.0,1.1,92.2,2/21/2021,true
Valentin,Carnoghan,15,Polygender,Première,1.7,1.5,10.9,37.6,11/26/2020,false
Novelia,Shaw,16,Female,Seconde,19.1,6.3,5.9,32.1,11/5/2020,true
Lennie,Josowitz,15,Male,Seconde,14.9,16.1,0.1,7.0,1/6/2021,true
Alec,Ginity,19,Male,Première,19.7,12.0,18.0,82.0,12/14/2020,true
Cissy,Stickels,15,Female,Seconde,14.9,0.9,0.6,38.6,8/8/2021,true
Roselle,Kunkel,15,Female,Seconde,10.2,2.4,3.0,16.0,11/10/2020,false
Molly,Slateford,19,Female,Seconde,10.7,18.8,16.2,63.9,3/25/2021,true
Brnaby,Chatelet,16,Male,Terminale,11.8,7.7,4.9,16.4,2/6/2021,false
Zebedee,Boulter,18,Male,Première,3.3,12.4,1.5,59.8,6/4/2021,true
Roxie,Malshinger,19,Female,Première,3.6,16.4,7.2,42.1,7/12/2021,true
Fabio,Cleyne,16,Male,Seconde,19.5,12.4,3.4,22.2,2/21/2021,true
Josey,Thies,17,Female,Terminale,7.0,9.0,11.6,85.4,11/26/2020,false
Tamiko,Klosser,16,Female,Terminale,6.6,5.2,5.1,65.2,4/14/2021,false
Patrick,Chitson,15,Non-binary,Première,9.7,8.7,14.4,24.7,9/20/2020,true
Vyky,Raithby,17,Female,Seconde,0.5,7.8,10.7,79.8,11/15/2020,false
Patrick,Truter,19,Male,Première,5.3,17.0,13.4,5.6,8/18/2021,true
Tybie,Steabler,16,Female,Terminale,0.6,5.7,0.7,50.7,7/18/2021,false
Fedora,Lemmanbie,19,Female,Seconde,18.5,0.1,1.2,20.0,10/5/2020,false
Elmo,Canto,16,Genderfluid,Terminale,2.8,2.6,14.6,33.3,7/14/2021,false
Corissa,Aizikovitch,16,Female,Terminale,18.7,13.6,5.4,67.8,2/28/2021,false
Maureene,Goseling,15,Female,Seconde,11.4,16.0,18.8,83.0,1/7/2021,true
Stinky,Denley,16,Male,Terminale,18.4,9.8,6.4,39.2,3/16/2021,false
Buiron,Bruckental,18,Male,Terminale,12.5,0.8,14.5,86.0,6/28/2021,true
Alonso,Senn,16,Male,Seconde,3.0,6.3,3.2,85.5,9/28/2020,true
Desiri,Stote,16,Female,Seconde,17.2,6.1,1.0,38.1,7/2/2021,false
Rinaldo,Murch,18,Male,Seconde,14.0,7.6,13.2,77.6,12/6/2020,false
Chryste,Searl,15,Female,Terminale,15.8,9.8,15.3,16.6,6/25/2021,true
Ulrikaumeko,Broddle,19,Female,Seconde,17.8,19.9,2.5,69.0,6/15/2021,true
Jayne,Pentycost,18,Female,Première,16.9,10.8,19.8,12.1,9/1/2020,true
Husain,Rudkin,19,Male,Seconde,18.6,14.2,6.6,82.8,2/10/2021,true
Antonius,Gabbitis,17,Male,Première,3.1,9.7,7.2,29.3,12/16/2020,true
Rogerio,Staries,18,Male,Première,7.6,4.1,16.9,91.2,8/27/2021,false
Nady,Purves,17,Female,Terminale,2.7,13.7,14.4,4.3,4/1/2021,true
Lanny,McCarlie,18,Male,Seconde,4.5,3.7,19.9,75.7,7/10/2021,false
Filmer,Finney,15,Agender,Seconde,5.5,12.3,6.6,91.3,10/6/2020,true
De witt,Gration,18,Male,Terminale,12.0,0.5,11.0,46.2,11/23/2020,true
Zoe,Ivkovic,16,Female,Terminale,3.5,6.4,12.1,90.4,1/13/2021,false
Harp,Abrams,17,Male,Seconde,3.3,13.3,4.3,99.1,3/8/2021,false
Dukey,Boardman,17,Bigender,Seconde,19.7,19.8,18.5,17.2,8/26/2021,false
Delaney,Rosendall,16,Genderfluid,Terminale,16.1,1.6,10.8,93.6,11/16/2020,false
Milly,Graddell,16,Female,Terminale,9.8,14.6,9.7,20.4,7/25/2021,true
Enoch,Stranaghan,19,Male,Première,8.8,19.5,12.2,31.2,2/18/2021,false
Garth,Gentile,15,Male,Seconde,17.7,13.4,16.1,15.6,10/23/2020,false
Kevan,Benallack,16,Male,Première,19.3,5.2,17.4,55.3,11/21/2020,true
Catrina,Davern,16,Female,Première,4.0,14.7,3.9,11.8,12/3/2020,false
Mick,Maccrie,17,Male,Terminale,4.8,17.0,12.1,1.4,8/4/2021,true
Dmitri,Vigours,19,Male,Terminale,5.8,16.0,5.8,46.0,8/16/2021,true
Ardyth,Hatchman,17,Female,Première,18.2,6.8,12.2,1.5,8/11/2021,false
Hersch,Messer,17,Male,Terminale,12.1,19.9,16.8,22.7,4/14/2021,true
Ernst,Cuddihy,18,Male,Première,15.3,10.1,7.4,90.2,11/23/2020,true
Dorise,Ackerley,18,Female,Seconde,11.0,1.1,1.6,77.5,7/12/2021,true
Hallie,McElvogue,19,Bigender,Seconde,10.8,3.3,8.6,5.8,12/24/2020,true
Cissiee,Andryunin,15,Female,Première,0.3,4.2,1.6,94.7,6/5/2021,false
Myron,Kunath,17,Male,Première,16.6,0.1,19.1,50.6,8/12/2021,true
Tyrone,Emmitt,17,Male,Première,0.7,15.6,11.3,93.8,6/25/2021,false
Brandon,Duigan,16,Male,Première,5.0,13.2,6.6,33.4,11/7/2020,false
Von,Adess,19,Male,Terminale,1.6,13.7,1.3,65.1,5/25/2021,false
Elton,Dellenty,17,Male,Terminale,5.7,13.4,5.2,80.2,10/24/2020,true
Cort,Ericssen,17,Male,Terminale,9.8,9.8,12.2,46.0,10/5/2020,false
Catarina,Maddrah,18,Female,Première,7.7,4.9,12.2,94.0,12/22/2020,true
Margareta,Harvard,15,Female,Première,3.7,13.5,19.5,35.1,9/1/2020,false
Audy,Goldthorpe,17,Female,Première,17.9,12.8,11.3,77.6,3/11/2021,false
Petr,Bedin,18,Bigender,Terminale,16.3,1.4,12.3,91.0,11/4/2020,true
Andrea,Covington,19,Female,Seconde,6.7,0.3,10.9,49.9,12/6/2020,false
Leela,Mawtus,16,Female,Première,5.6,18.5,17.1,35.8,4/17/2021,false
Ange,Coates,15,Male,Seconde,11.5,9.5,19.8,90.0,10/6/2020,true
Ora,Tuckwell,19,Female,Seconde,19.6,5.5,17.5,56.7,12/2/2020,false
Kit,Hambleton,18,Female,Terminale,1.5,19.7,14.6,98.1,7/12/2021,false
Randee,Candelin,19,Female,Première,3.3,5.4,11.8,51.4,10/6/2020,false
Crystie,Stormes,19,Female,Première,12.3,8.8,9.0,39.6,4/19/2021,true
Hetty,Bartolozzi,16,Female,Première,11.6,9.1,5.8,69.9,3/3/2021,false
Meggie,Peachment,18,Female,Terminale,17.5,1.6,18.1,56.7,10/21/2020,true
Robin,Madoc-Jones,19,Female,Terminale,0.3,1.2,8.0,80.6,2/16/2021,false
Lu,Ternouth,16,Female,Terminale,12.5,1.0,7.4,45.3,3/3/2021,true
Munroe,Bolesma,16,Non-binary,Seconde,1.4,16.2,4.0,16.8,1/25/2021,false
Ulick,Hutcheson,17,Male,Terminale,1.5,6.2,14.4,58.9,9/11/2020,true
Inger,Pharaoh,19,Male,Terminale,15.0,15.8,16.4,81.2,7/30/2021,false
Titus,Hadgkiss,19,Male,Terminale,19.8,12.7,15.7,18.3,1/25/2021,false
Darb,Remmer,17,Male,Terminale,2.6,18.7,12.3,49.8,4/7/2021,false
Gloria,Hatt,17,Female,Première,14.2,15.3,9.7,43.3,10/12/2020,true
Sorcha,Gounet,18,Genderqueer,Seconde,2.8,19.2,12.6,3.7,11/6/2020,false
Lanette,Villiers,17,Female,Seconde,6.0,6.3,17.2,76.6,11/29/2020,false
Scotty,Nuccii,16,Non-binary,Terminale,3.0,9.2,0.5,79.2,7/22/2021,true
Camille,Larenson,18,Female,Seconde,1.7,9.3,12.1,97.8,12/17/2020,false
Rabbi,Schlagtmans,19,Non-binary,Terminale,13.0,11.0,13.6,74.0,1/19/2021,true
Ivett,Tiner,19,Female,Terminale,0.5,15.0,2.9,72.2,9/8/2020,false
Evangelia,Loy,15,Female,Terminale,17.8,9.6,19.6,81.5,3/7/2021,false
Lacee,Dixcey,19,Female,Première,17.9,0.5,7.1,61.6,7/8/2021,false
Brynna,Cornelleau,17,Female,Première,18.6,10.7,18.2,16.7,7/27/2021,true
Dewie,Spilling,17,Male,Seconde,15.8,7.5,14.2,5.2,4/20/2021,false
Jessie,Thouless,19,Polygender,Première,16.5,19.6,9.9,55.1,12/22/2020,true
Rustin,Liggins,16,Male,Terminale,10.3,12.6,5.0,52.8,12/22/2020,true
Marne,Angrave,17,Female,Première,15.2,10.1,19.8,63.8,12/11/2020,false
Abigail,Mellhuish,15,Female,Terminale,7.7,2.4,3.5,19.6,9/12/2020,false
Judye,Drayson,18,Female,Première,10.7,13.2,15.4,16.1,4/24/2021,true
Millisent,Vercruysse,18,Female,Terminale,17.0,12.1,10.8,7.1,9/8/2020,false
Kikelia,McEttigen,16,Female,Première,4.2,10.9,7.6,12.0,10/16/2020,false
Garfield,Skipsea,19,Genderqueer,Terminale,10.7,2.0,4.0,98.0,10/19/2020,true
Barbara-anne,Macrow,18,Female,Seconde,3.8,6.6,8.0,71.0,8/2/2021,true
Minni,Petrovykh,15,Female,Seconde,2.5,3.2,1.0,51.6,3/5/2021,false
Jules,Cordell,18,Male,Seconde,18.4,12.0,19.6,46.2,8/16/2021,false
Rozamond,Matyushonok,18,Female,Première,9.5,9.7,2.6,16.1,9/7/2020,true
Mirabel,Leon,18,Female,Terminale,3.2,18.7,9.9,46.1,1/29/2021,false
Chan,Cafe,18,Male,Terminale,18.4,19.7,5.1,37.6,3/23/2021,false
Gaby,Antoniottii,18,Male,Terminale,1.4,11.9,4.9,19.4,1/21/2021,true
Janeczka,Seville,17,Bigender,Seconde,13.8,9.2,3.1,4.8,2/28/2021,false
Staford,Pollicott,18,Male,Seconde,8.6,0.9,0.5,52.0,11/9/2020,true
Hiram,McGowran,16,Bigender,Première,5.7,0.0,4.1,32.1,5/15/2021,true
Edyth,Blyden,18,Female,Première,2.0,9.4,12.8,55.8,5/21/2021,false
Patricio,Kerfoot,18,Male,Terminale,15.8,12.4,6.4,95.5,10/15/2020,false
Gizela,Ritchman,19,Female,Seconde,5.4,8.2,11.2,6.1,3/9/2021,false
Jayne,Pucknell,15,Female,Première,0.8,13.0,19.1,89.1,9/3/2020,true
Bob,Perryn,16,Male,Seconde,0.6,10.1,1.0,97.1,4/16/2021,false
Marisa,Hakonsen,17,Female,Première,18.8,11.3,11.3,76.2,6/4/2021,false
Edeline,Gummoe,17,Bigender,Première,8.9,11.4,19.6,44.9,2/19/2021,false
Isaak,Kelle,19,Male,Seconde,3.0,8.6,1.9,17.9,12/19/2020,false
Deloris,Campes,15,Female,Seconde,17.3,7.0,19.7,45.7,2/17/2021,false
Krishna,Birmingham,17,Male,Terminale,11.8,18.4,11.8,28.2,1/15/2021,false
Sherie,Minot,16,Female,Seconde,19.9,11.2,15.4,28.4,7/11/2021,false
Bernetta,Darlaston,18,Female,Seconde,4.3,12.0,9.2,16.1,3/3/2021,false
Gusti,Thurner,18,Female,Seconde,7.2,2.1,3.1,97.6,9/28/2020,true
Siana,Scorthorne,19,Female,Seconde,2.7,11.7,18.7,92.5,8/11/2021,true
Evin,Pease,19,Male,Seconde,11.1,3.7,13.8,17.1,6/20/2021,false
Mellie,Warrier,17,Female,Première,14.6,13.0,8.9,91.9,2/11/2021,false
Annabela,Oddey,16,Female,Seconde,17.7,2.5,13.1,20.8,2/5/2021,false
Dody,Viney,15,Female,Terminale,3.4,8.5,8.6,65.6,6/14/2021,true
Jannel,Swine,16,Female,Terminale,0.2,14.3,11.4,42.2,4/1/2021,true
Asa,Gabler,15,Male,Seconde,10.9,13.3,17.0,88.3,5/16/2021,false
Gussie,Ambrosch,15,Female,Première,12.9,6.5,0.6,56.2,10/26/2020,true
Huntlee,Blonfield,16,Male,Première,12.1,18.4,5.4,78.4,5/13/2021,true
Jonas,Steen,16,Male,Terminale,10.4,4.3,12.6,10.3,11/23/2020,true
Claiborne,Selley,19,Male,Première,8.4,6.8,11.4,22.4,4/6/2021,true
Manya,Giacomelli,15,Female,Première,12.5,16.3,17.0,75.3,9/28/2020,true
Georgina,Hallin,16,Female,Seconde,6.3,2.0,16.7,0.2,2/19/2021,true
Tony,Goodburn,16,Male,Seconde,14.6,13.7,19.5,37.9,8/24/2021,true
Marlie,MacSwayde,18,Female,Seconde,0.1,13.9,15.2,6.4,11/3/2020,false
Aldon,Cansdall,15,Male,Seconde,8.3,17.7,3.4,57.0,11/30/2020,false
Berti,Rookeby,19,Female,Terminale,8.2,10.6,17.9,52.5,3/24/2021,true
Val,Bouzek,18,Male,Première,17.1,19.7,15.0,29.3,12/11/2020,false
Analiese,Petran,15,Female,Seconde,10.5,12.5,15.0,42.8,6/8/2021,true
Marya,Hicklingbottom,19,Female,Terminale,5.8,15.5,10.0,13.6,6/19/2021,true
Valaree,Turban,17,Female,Seconde,6.4,3.3,6.4,1.5,11/14/2020,true
Trever,Gulk,15,Male,Seconde,11.0,18.3,18.1,36.0,11/29/2020,true
Bert,Whitland,16,Female,Terminale,2.1,4.7,7.8,44.9,3/6/2021,true
Delila,Corrett,15,Female,Première,3.5,6.6,16.0,26.9,8/15/2021,true
Humphrey,Crain,18,Male,Seconde,10.2,3.6,19.5,97.4,1/11/2021,true
Barbaraanne,Stobo,18,Female,Seconde,7.9,11.2,16.8,15.0,8/17/2021,true
Devonna,Tomblett,15,Female,Terminale,6.7,11.0,9.1,55.0,4/22/2021,false
Elisabeth,Fennessy,17,Female,Première,3.5,16.7,3.1,97.7,1/22/2021,false
Patience,Kinneally,19,Female,Terminale,8.0,4.4,8.0,96.3,1/11/2021,true
Gordon,Goodbody,18,Male,Seconde,5.4,6.5,14.8,55.4,5/27/2021,true
Delly,Burke,19,Female,Première,17.5,11.2,14.3,86.3,7/11/2021,false
Geri,Leckie,15,Female,Terminale,3.3,5.0,6.1,88.9,12/25/2020,false
Carmela,Roose,17,Female,Seconde,8.6,8.1,16.5,95.5,4/13/2021,false
Ettie,McLevie,18,Female,Seconde,6.1,1.1,2.8,24.3,6/1/2021,true
Kristo,Simoneau,16,Agender,Terminale,3.7,11.0,12.9,64.5,2/24/2021,false
Gavra,Wakeley,19,Female,Première,18.9,7.2,18.0,2.4,9/19/2020,true
Giles,Woltering,17,Male,Terminale,12.7,4.9,4.6,12.4,5/21/2021,false
Noach,Blease,17,Male,Première,11.5,8.0,15.3,17.1,5/4/2021,false
Norrie,Stevings,19,Male,Première,12.2,8.9,2.0,65.1,10/28/2020,true
Sileas,Code,15,Female,Terminale,17.5,10.6,2.7,50.0,9/5/2020,false
Mella,Ambrogini,15,Female,Terminale,3.1,15.7,0.6,85.3,2/22/2021,false
Valencia,Janaszewski,16,Female,Seconde,2.5,1.0,13.8,56.0,7/13/2021,false
Larisa,Abrami,17,Female,Terminale,7.4,1.1,6.9,89.3,11/10/2020,true
Simonette,Bool,18,Agender,Terminale,11.9,18.8,10.1,76.5,10/28/2020,false
Gawain,Rilings,16,Genderfluid,Terminale,3.2,11.6,1.2,56.5,4/22/2021,true
Nevsa,McDonell,16,Female,Terminale,13.9,4.2,0.9,23.3,10/6/2020,false
Erminia,Maile,15,Female,Seconde,3.9,17.5,11.2,65.6,2/6/2021,true
Nicolette,Housley,18,Female,Première,13.5,18.4,17.5,53.1,8/21/2021,false
Kellen,Willey,15,Male,Première,8.4,9.7,12.4,83.6,8/2/2021,true
Berte,Obee,18,Female,Terminale,18.1,17.5,16.9,90.4,11/1/2020,true
Caddric,Whitten,19,Male,Terminale,18.4,16.6,10.7,49.3,1/19/2021,true
Leta,Aitchison,16,Genderqueer,Seconde,17.9,5.1,9.5,18.7,11/26/2020,true
Richard,Hauger,19,Male,Première,15.6,8.5,1.3,34.3,2/18/2021,false
Roseanna,Zanassi,17,Genderqueer,Première,12.8,1.7,16.2,80.0,3/26/2021,true
Ringo,Pennings,17,Male,Première,14.6,1.3,7.1,12.3,9/25/2020,true
Jeddy,Huggard,16,Male,Terminale,6.5,13.0,5.7,74.8,5/26/2021,false
Isaac,Trasler,16,Male,Terminale,12.1,19.0,10.7,61.9,2/20/2021,true
Alleyn,Matskiv,15,Male,Première,7.8,18.2,9.2,80.2,4/1/2021,true
Mickie,Phelit,19,Polygender,Terminale,12.0,13.6,11.9,84.4,1/7/2021,true
Angelle,Warret,15,Female,Terminale,4.2,1.4,12.6,29.2,9/6/2020,true
Reggy,Rosini,18,Male,Première,4.9,17.9,0.7,75.1,4/19/2021,false
Amalee,Gokes,18,Female,Seconde,17.0,7.9,11.9,22.0,4/16/2021,true
Ebony,Deem,15,Female,Seconde,17.9,7.3,17.8,73.4,10/28/2020,false
Dinny,Squier,15,Female,Terminale,4.5,11.4,19.0,0.7,7/18/2021,false
Davide,Jacklings,15,Male,Seconde,19.2,15.2,16.7,23.3,10/3/2020,true
Carmencita,Klimpke,17,Female,Première,10.8,5.6,16.5,57.4,6/24/2021,false
Kim,Lemmers,15,Male,Seconde,6.1,9.8,4.6,53.3,8/11/2021,true
Tibold,Hoofe,15,Male,Terminale,13.5,15.0,9.3,96.0,3/4/2021,false
Gill,Tetsall,19,Male,Première,3.2,8.1,8.4,16.3,8/13/2021,true
Sammie,Illingsworth,18,Male,Seconde,17.4,5.6,16.6,88.2,9/12/2020,false
Chandra,Hovard,16,Female,Seconde,1.9,2.4,1.7,78.1,4/29/2021,true
Jolyn,Moroney,18,Agender,Première,15.6,16.8,2.8,17.2,12/10/2020,true
Wynn,Ficken,17,Female,Première,3.7,12.1,7.2,46.5,4/5/2021,false
Seymour,Lathleiff,15,Male,Terminale,19.5,7.1,7.6,89.8,9/18/2020,true
Trudey,Brownrigg,16,Female,Première,16.3,14.1,10.9,8.0,4/26/2021,false
Horatia,Chesher,18,Female,Seconde,11.1,9.1,19.3,12.8,6/10/2021,false
Murvyn,Eckley,17,Male,Seconde,1.1,14.1,14.8,55.3,10/10/2020,false
Westleigh,Frushard,19,Male,Seconde,13.5,14.1,19.1,45.2,4/12/2021,false
Stephana,Sydry,16,Female,Première,5.9,11.3,0.5,27.8,6/1/2021,false
Crissy,Petracco,18,Female,Seconde,15.2,11.5,10.2,20.4,7/25/2021,false
Jarrod,Axtell,15,Male,Seconde,5.3,8.9,16.4,43.4,5/2/2021,false
Erika,Perkins,16,Female,Seconde,7.4,6.5,0.5,73.7,3/26/2021,true
Conrade,North,19,Male,Seconde,11.0,18.8,9.6,69.7,10/30/2020,true
Shayne,Allot,16,Female,Première,11.8,12.9,10.3,40.1,7/16/2021,true
Jefferey,Goldsbrough,19,Male,Seconde,6.0,7.0,14.7,78.7,2/4/2021,true
Tallie,Willerstone,15,Female,Terminale,1.8,2.2,0.7,25.7,3/16/2021,false
Noel,MacSweeney,18,Male,Terminale,9.6,2.3,9.4,50.3,9/6/2020,false
Kira,Enser,17,Female,Seconde,16.7,2.2,11.0,97.8,8/20/2021,true
Avril,MacCorley,17,Polygender,Terminale,1.6,6.3,14.4,18.0,9/16/2020,false
Richard,Bysouth,17,Male,Terminale,15.4,11.9,7.2,47.2,9/7/2020,false
Sigismond,Cleator,16,Male,Terminale,19.0,4.6,6.1,89.2,1/9/2021,false
Jenica,Baxandall,15,Female,Première,3.1,6.4,12.0,6.1,5/5/2021,true
Meredith,Bacup,19,Male,Seconde,4.7,8.5,17.9,69.7,7/5/2021,true
Jeffry,Heyward,19,Male,Terminale,13.9,2.4,0.8,56.9,1/20/2021,true
Bee,Forster,15,Bigender,Terminale,5.0,16.4,0.7,50.9,7/15/2021,true
Zena,Corneljes,16,Female,Seconde,11.7,3.1,2.9,60.5,2/6/2021,false
Lisabeth,Leglise,17,Female,Seconde,7.8,5.8,6.7,59.1,4/14/2021,true
Theresita,Merwe,17,Female,Terminale,7.1,10.9,14.2,61.9,10/27/2020,false
Kylen,DelaField,15,Female,Seconde,14.2,2.2,5.3,95.8,3/15/2021,true
Ianthe,Cocker,17,Female,Première,17.8,12.4,5.0,94.5,12/19/2020,true
Valery,Rylance,16,Female,Première,18.6,18.4,13.3,97.9,3/8/2021,false
Jessi,Pumfrett,16,Female,Terminale,12.5,7.4,3.5,65.3,6/1/2021,true
Gallagher,Earwaker,16,Male,Première,12.1,5.1,4.5,26.0,2/7/2021,true
Evered,Lauxmann,18,Male,Première,14.9,15.7,14.5,6.6,7/17/2021,true
Bryon,Barnsley,18,Male,Seconde,7.5,18.9,14.9,26.6,4/14/2021,false
Bill,Baythrop,19,Male,Seconde,6.3,13.2,7.3,87.3,11/11/2020,true
Astra,Debrett,16,Female,Première,15.5,1.5,14.4,81.1,4/5/2021,false
Augustus,Rowland,16,Male,Terminale,16.3,13.3,13.8,83.6,12/11/2020,false
Charlean,McKleod,16,Female,Première,14.0,13.0,15.7,72.5,6/3/2021,true
Darcy,Francombe,17,Male,Terminale,1.3,3.9,1.4,15.6,5/16/2021,false
Tomlin,Whitechurch,19,Male,Terminale,16.2,3.7,9.0,88.8,10/30/2020,true
Miguela,Clamo,16,Genderqueer,Seconde,19.1,18.3,6.1,33.3,4/4/2021,true
Tamera,Blazevic,16,Female,Seconde,17.3,17.0,16.7,23.8,11/18/2020,false
Hollis,Drews,16,Male,Seconde,11.0,4.5,3.8,58.6,9/10/2020,true
Mannie,Toulson,15,Male,Terminale,7.7,18.0,3.5,85.7,3/21/2021,false
Carilyn,Fewkes,17,Female,Première,9.2,14.7,9.4,27.9,4/22/2021,false
Felicdad,Gillio,17,Female,Terminale,17.5,3.2,6.6,31.5,7/13/2021,false
Anson,Stiles,16,Male,Seconde,9.0,6.2,11.6,20.2,6/16/2021,false
Silvia,Betty,19,Female,Première,13.1,6.5,9.7,12.6,12/29/2020,false
Norry,Veale,18,Male,Seconde,1.4,6.7,13.4,26.0,7/13/2021,true
Elinor,Mussilli,17,Genderqueer,Première,7.6,0.9,12.3,81.9,6/19/2021,true
Alain,Duffil,19,Non-binary,Seconde,12.6,11.7,9.9,84.1,10/13/2020,true
Rowena,Fain,16,Female,Première,12.4,3.1,13.4,17.2,11/24/2020,true
Amata,Pignon,16,Female,Terminale,2.4,14.1,0.2,84.8,5/22/2021,false
Dyann,Venmore,19,Female,Terminale,8.5,3.5,11.0,90.5,4/8/2021,false
Winfred,McGifford,19,Male,Seconde,5.7,14.6,9.1,22.8,2/25/2021,false
Iormina,Windress,15,Female,Seconde,13.1,17.5,2.2,57.9,12/28/2020,true
Gilles,Bealing,16,Male,Première,8.5,6.9,10.8,58.9,1/20/2021,false
Claresta,McTerry,19,Female,Terminale,2.7,15.8,9.0,52.7,7/22/2021,false
Rebecka,Boughey,19,Female,Terminale,15.7,12.4,0.3,84.0,2/2/2021,true
Roberta,Allwell,17,Female,Terminale,5.6,5.6,13.9,94.8,12/30/2020,false
Reuben,Yerrall,18,Male,Seconde,4.1,11.8,16.3,67.2,6/22/2021,true
Teodoor,Kezar,15,Male,Seconde,6.8,1.8,0.2,92.5,9/21/2020,false
Spenser,Tibald,19,Male,Seconde,5.5,14.1,6.6,49.4,10/25/2020,false
El,Naile,16,Male,Seconde,8.3,1.1,7.8,40.0,7/6/2021,false
Julienne,Jagiela,19,Female,Première,16.6,1.0,0.1,24.4,3/20/2021,true
Federica,Spandley,16,Female,Terminale,18.5,17.3,1.3,10.4,5/7/2021,false
Enrichetta,Bereford,15,Female,Seconde,19.1,16.2,17.1,52.7,7/16/2021,false
Karisa,Madine,15,Female,Première,10.0,17.4,8.2,53.7,5/15/2021,true
Tanitansy,Derill,19,Female,Terminale,0.8,2.5,6.8,28.4,9/22/2020,false
Decca,Sanz,16,Male,Terminale,13.2,11.7,2.9,26.3,10/3/2020,false
Larina,Sennett,15,Genderqueer,Seconde,19.6,7.3,8.2,74.6,12/5/2020,true
Norbie,Acreman,17,Genderfluid,Terminale,8.9,17.4,10.8,57.7,6/29/2021,true
Gregorius,Burfoot,19,Male,Seconde,2.5,17.7,3.5,21.4,7/5/2021,true
Louise,Swinburn,17,Female,Terminale,7.6,4.8,17.1,41.6,1/25/2021,true
Clay,Mates,15,Male,Seconde,15.6,17.6,14.5,56.8,8/17/2021,false
Marion,Puleston,17,Female,Première,12.7,9.5,19.5,13.5,9/25/2020,true
Weidar,Gibby,15,Bigender,Seconde,16.0,15.7,16.7,36.3,6/22/2021,false
Ernestus,Quesne,19,Male,Seconde,3.0,7.0,8.6,96.1,12/6/2020,false
Ladonna,McGowing,19,Female,Terminale,8.4,7.3,9.4,50.8,3/24/2021,false
Nancey,Wynn,19,Female,Première,2.3,13.4,18.1,19.3,2/10/2021,false
Raine,Palphreyman,15,Female,Première,9.2,8.1,17.3,28.7,9/7/2020,false
Brooke,Greatbank,17,Female,Seconde,14.3,5.8,4.6,26.7,2/7/2021,true
Linn,Bolan,17,Male,Première,7.6,3.7,6.9,86.3,11/27/2020,true
Sholom,Gillbe,19,Male,Seconde,6.1,8.6,1.0,50.8,12/25/2020,false
Charla,Ludford,15,Female,Première,14.6,13.1,11.9,38.0,12/4/2020,false
Arlyne,Langcaster,16,Female,Seconde,15.6,2.8,3.4,72.1,12/30/2020,false
Gunar,Woloschinski,15,Male,Terminale,10.7,2.5,12.6,71.2,11/10/2020,true
Nikoletta,Greatrakes,17,Female,Terminale,11.7,15.7,13.8,20.9,11/8/2020,true
Anestassia,Darcey,19,Female,Terminale,13.7,5.4,13.0,47.1,6/4/2021,false
Filip,Doughill,17,Male,Seconde,5.9,5.4,7.8,11.2,10/7/2020,false
Alex,Cutill,18,Male,Terminale,7.2,13.5,19.0,86.5,10/11/2020,false
Filide,Imore,15,Female,Seconde,13.4,4.9,12.9,76.9,12/23/2020,true
Sarita,Leeves,18,Polygender,Première,12.0,10.3,9.1,85.7,3/10/2021,true
Jeannie,Gavigan,16,Female,Terminale,19.0,17.7,18.0,31.9,12/5/2020,true
Elyn,Klagge,17,Female,Terminale,17.2,17.9,13.0,12.9,5/23/2021,false
Edvard,Dockwra,16,Male,Première,8.2,19.0,5.2,43.8,9/8/2020,false
Willem,Courtman,15,Male,Seconde,14.2,11.3,5.4,43.9,5/1/2021,false
Sigrid,Amthor,18,Female,Seconde,15.4,17.3,0.9,41.7,2/19/2021,false
Dede,Itzkin,18,Female,Terminale,7.8,16.1,13.0,82.1,8/27/2021,false
Barbie,Doudney,17,Female,Seconde,12.8,3.5,7.1,41.5,9/8/2020,true
Hercule,Lodo,19,Male,Première,9.4,10.4,19.1,95.1,11/9/2020,false
Desiree,Denerley,17,Female,Seconde,4.2,4.4,2.8,1.5,12/11/2020,false
Raul,Baldelli,16,Male,Première,17.2,5.9,1.6,25.1,7/3/2021,true
Priscilla,Bento,16,Female,Terminale,10.4,19.8,8.3,17.8,6/26/2021,true
Quincey,Penella,15,Male,Seconde,7.0,17.6,7.7,85.1,9/21/2020,true
Garner,Jantzen,18,Male,Première,12.7,12.6,13.4,52.7,5/30/2021,true
Ollie,Joska,18,Female,Terminale,10.3,11.0,18.1,54.7,2/17/2021,false
Karilynn,Raddon,19,Female,Terminale,8.8,11.0,3.8,18.1,12/29/2020,true
Jilli,Vannah,18,Female,Terminale,3.9,4.0,4.9,52.3,10/23/2020,true
Beauregard,Kinny,19,Male,Terminale,11.5,5.2,3.1,0.8,11/9/2020,true
Chantalle,Timlin,19,Female,Seconde,13.9,14.0,5.0,84.8,6/11/2021,true
Jon,Throssell,15,Male,Seconde,12.7,5.3,15.4,46.9,2/5/2021,false
Dot,Cuncliffe,18,Female,Première,4.1,7.8,1.7,26.0,6/20/2021,true
Benoit,Brydie,18,Non-binary,Terminale,12.3,12.3,15.0,0.3,10/1/2020,false
Minerva,Berlin,19,Female,Terminale,6.9,4.1,15.4,89.7,10/3/2020,true
Sonja,Patry,19,Female,Seconde,15.5,5.0,13.7,57.8,2/24/2021,false
Laney,Craighall,17,Male,Première,13.3,11.6,17.8,41.1,12/27/2020,true
Sean,Berney,16,Male,Terminale,2.1,2.4,15.8,40.2,6/27/2021,true
Ashbey,Daveran,18,Male,Première,13.3,7.1,18.9,59.2,4/30/2021,true
Alayne,Borzone,16,Female,Seconde,5.8,19.4,15.3,84.7,1/11/2021,false
Raimundo,Caudrey,19,Male,Première,7.0,4.9,3.9,54.2,3/10/2021,false
Cory,Francom,19,Male,Seconde,13.8,7.6,13.2,91.1,11/10/2020,true
Bevan,MacElholm,17,Male,Seconde,5.1,10.0,0.8,87.2,2/7/2021,false
Jereme,McAllaster,16,Male,Seconde,1.6,17.1,19.1,33.1,7/16/2021,true
Sergent,Cadding,16,Male,Seconde,12.0,0.5,5.2,27.8,4/7/2021,false
Randolph,Matiasek,16,Male,Terminale,12.7,17.5,16.4,49.2,1/1/2021,false
Darcee,Symmons,15,Polygender,Seconde,10.4,6.3,2.1,47.7,2/17/2021,true
Shem,Hewlings,16,Male,Première,12.1,7.3,14.7,0.2,2/2/2021,true
Steven,Clother,19,Male,Terminale,18.7,14.5,11.6,88.5,1/25/2021,true
Sephira,Reinbach,15,Agender,Seconde,18.0,13.2,4.8,53.4,9/8/2020,false
Prent,McRonald,18,Male,Première,10.1,8.5,3.2,51.9,3/24/2021,false
Gris,Obell,15,Genderfluid,Terminale,15.4,13.0,15.3,74.8,1/27/2021,true
Viki,Iwaszkiewicz,18,Female,Seconde,17.3,18.6,6.9,71.9,11/2/2020,false
Kermy,Duckering,15,Male,Terminale,10.2,19.8,18.4,70.0,3/21/2021,true
Maiga,Shorey,16,Female,Seconde,14.9,11.9,17.0,78.0,9/5/2020,false
Alyss,Eaglen,19,Female,Seconde,5.8,15.9,13.2,77.3,9/29/2020,false
Sherry,Coote,16,Female,Seconde,12.0,6.9,13.8,42.2,6/1/2021,false
Simon,Eastope,17,Male,Première,3.9,19.5,10.7,1.7,7/27/2021,true
